# Blender 4.1.1
# www.blender.org
mtllib Era_Splash_Blend_LINE_2F_V2.mtl
o LINE_2
v 2.061517 1.323300 -1.948813
v 2.061217 1.302300 -1.948813
v 2.169917 0.743900 -1.950268
v 2.169617 0.722800 -1.950268
v 2.204758 1.517600 -2.137241
v 2.204758 1.496500 -2.136841
v 2.204758 1.323300 -2.137241
v 2.204758 1.302300 -2.136841
v 2.202526 0.356300 -2.299842
v 2.202526 0.335200 -2.299442
v 2.204758 0.550200 -2.137241
v 2.204758 0.529100 -2.136841
v 2.169917 1.517600 -1.950268
v 2.169617 1.496500 -1.950268
v 2.204758 0.743900 -2.137241
v 2.204758 0.722800 -2.136841
v 2.169917 0.356300 -1.950268
v 2.169617 0.335200 -1.950268
v 2.061517 0.356300 -1.948813
v 2.061217 0.335200 -1.948813
v 1.945816 1.494800 -1.947262
v 1.945316 1.467800 -1.947262
v 1.945816 0.915400 -1.947262
v 1.945316 0.888400 -1.947262
v 2.169317 0.915400 -1.950268
v 2.168717 0.888400 -1.950268
v 2.169317 1.301700 -1.950268
v 2.168717 1.274700 -1.950268
v 2.169317 0.527700 -1.950268
v 2.168717 0.500700 -1.950268
v 1.946416 0.550200 -1.947262
v 1.946116 0.529100 -1.947262
v 2.204758 0.721600 -2.136441
v 2.204757 0.694600 -2.135641
v 2.204758 0.915400 -2.136441
v 2.204757 0.888400 -2.135641
v 1.946416 0.356300 -1.947262
v 1.946116 0.335200 -1.947262
v 2.169317 0.721600 -1.950268
v 2.168717 0.694600 -1.950268
v 1.946416 1.130200 -1.947262
v 1.946116 1.109100 -1.947262
v 2.061517 1.130200 -1.948813
v 2.061217 1.109100 -1.948813
v 2.061017 0.915400 -1.948813
v 2.060416 0.888400 -1.948814
v 2.061517 0.550200 -1.948813
v 2.061217 0.529100 -1.948813
v 2.169317 1.111100 -1.950268
v 2.168717 1.084100 -1.950268
v 2.169917 0.939600 -1.950268
v 2.169617 0.918500 -1.950268
v 2.204758 0.356300 -2.137241
v 2.204758 0.335200 -2.136841
v 2.202526 0.550200 -2.299842
v 2.202526 0.529100 -2.299442
v 2.202526 0.743900 -2.299842
v 2.202526 0.722800 -2.299442
v 2.204758 0.939600 -2.137241
v 2.204758 0.918500 -2.136841
v 1.945816 0.721600 -1.947262
v 1.945316 0.694600 -1.947262
v 2.202526 1.301700 -2.299042
v 2.202526 1.274700 -2.298242
v 2.202526 1.494800 -2.299042
v 2.202526 1.467800 -2.298242
v 2.204758 0.527700 -2.136441
v 2.204757 0.500700 -2.135641
v 2.202526 0.721600 -2.299042
v 2.202526 0.694600 -2.298242
v 2.202526 0.915400 -2.299042
v 2.202526 0.888400 -2.298242
v 2.204758 1.130200 -2.137241
v 2.204758 1.109100 -2.136841
v 2.169917 1.130200 -1.950268
v 2.169617 1.109100 -1.950268
v -0.821858 -0.000000 -1.058024
v -0.821858 1.417700 -1.058024
v -0.703752 1.512100 -1.072374
v -0.760652 1.512100 -1.072399
v -0.760455 1.512100 -1.540998
v -0.703555 1.512100 -1.540974
v -0.818655 0.333900 -1.064123
v -0.497855 0.333900 -1.063988
v -0.619531 1.584100 -1.122839
v -0.566631 1.584100 -1.122817
v -0.760476 1.584100 -1.491198
v -0.760496 1.584100 -1.443899
v -0.802207 1.579100 -1.178916
v -0.802207 1.507100 -1.178916
v -0.807476 1.418300 -1.491218
v -0.807496 1.418300 -1.443918
v -0.619531 1.512100 -1.122839
v -0.619531 1.584100 -1.122839
v -0.496407 1.301700 -1.409975
v -0.496420 1.301700 -1.385638
v -0.802207 1.579100 -1.178916
v -0.802096 1.579100 -1.443916
v -0.703731 1.512100 -1.122874
v -0.703752 1.512100 -1.072374
v -0.703555 1.512100 -1.540974
v -0.703555 1.584100 -1.540974
v -0.497855 0.333900 -1.063988
v -0.497650 0.333900 -1.554188
v -0.496421 0.939600 -1.384566
v -0.496421 0.920800 -1.385102
v -0.760496 1.512100 -1.443899
v -0.760476 1.512100 -1.491198
v -0.561207 1.579100 -1.178815
v -0.561207 1.507100 -1.178815
v -0.496421 0.743900 -1.384566
v -0.496421 0.725100 -1.385102
v -0.496420 1.301700 -1.385638
v -0.496420 1.274700 -1.386817
v -0.496421 0.550200 -1.384566
v -0.496421 0.531300 -1.385102
v -0.698352 1.507100 -1.072372
v -0.698352 1.577900 -1.071872
v -0.496421 0.356300 -1.384566
v -0.496421 0.337400 -1.385102
v -0.497855 0.338900 -1.063988
v -0.497650 0.338900 -1.554188
v -0.566496 1.512100 -1.443817
v -0.566496 1.584100 -1.443817
v -0.821650 1.417700 -1.552824
v -0.821857 1.417700 -1.059524
v -0.760652 1.512100 -1.072399
v -0.807652 1.512100 -1.072418
v -0.703555 1.584100 -1.540974
v -0.703576 1.584100 -1.491174
v -0.491949 0.333900 -1.555786
v -0.818449 0.333900 -1.555923
v -0.755231 1.579100 -1.122896
v -0.698331 1.579100 -1.122872
v -0.760476 1.512100 -1.491198
v -0.703576 1.512100 -1.491174
v -0.755231 1.507100 -1.122896
v -0.755207 1.507100 -1.178896
v -0.510007 1.579100 -1.178793
v -0.561207 1.579100 -1.178815
v -0.498122 0.683300 -1.160101
v -0.498122 0.561100 -1.160101
v -0.496420 1.274700 -1.386817
v -0.496444 1.263400 -1.342647
v -0.613955 1.507100 -1.540937
v -0.561055 1.507100 -1.540915
v -0.818655 1.107900 -1.064123
v -0.497855 1.107900 -1.063988
v -0.824055 0.338900 -1.064126
v -0.497855 0.338900 -1.063988
v -0.496420 1.084100 -1.386817
v -0.496444 1.072800 -1.342647
v -0.760631 1.512100 -1.122899
v -0.703731 1.512100 -1.122874
v -0.703576 1.584100 -1.491174
v -0.703576 1.512100 -1.491174
v -0.818449 0.333900 -1.555923
v -0.818655 0.333900 -1.064123
v -0.760476 1.584100 -1.491198
v -0.760476 1.512100 -1.491198
v -0.816250 1.412700 -1.552822
v -0.816457 1.412700 -1.059522
v -0.507607 1.507100 -1.178792
v -0.510007 1.579100 -1.178793
v -0.561207 1.507100 -1.178815
v -0.507607 1.507100 -1.178792
v -0.507607 1.507100 -1.178792
v -0.507631 1.507100 -1.122792
v -0.496444 1.263400 -1.342647
v -0.496444 1.141100 -1.342647
v -0.613976 1.507100 -1.491137
v -0.613955 1.507100 -1.540937
v -0.823849 0.338900 -1.555925
v -0.824055 0.338900 -1.064126
v -0.821858 1.417700 -1.058024
v -0.503058 1.417700 -1.057890
v -0.818655 0.721600 -1.064123
v -0.497855 0.721600 -1.063988
v -0.496444 1.072800 -1.342647
v -0.496444 0.950600 -1.342647
v -0.755207 1.579100 -1.178896
v -0.755231 1.579100 -1.122896
v -0.755207 1.507100 -1.178896
v -0.755207 1.579100 -1.178896
v -0.755207 1.579100 -1.178896
v -0.802207 1.579100 -1.178916
v -0.496420 0.888400 -1.386817
v -0.496444 0.877100 -1.342647
v -0.816458 1.412700 -1.058022
v -0.497658 1.412700 -1.057888
v -0.496444 0.877100 -1.342647
v -0.496444 0.754900 -1.342647
v -0.507631 1.507100 -1.122792
v -0.507652 1.507100 -1.072292
v -0.496444 1.141100 -1.342647
v -0.496422 1.130400 -1.383387
v -0.496444 0.683300 -1.342647
v -0.496444 0.561100 -1.342647
v -0.561076 1.507100 -1.491115
v -0.613976 1.507100 -1.491137
v -0.496444 0.489400 -1.342647
v -0.496444 0.367200 -1.342647
v -0.497855 0.917300 -1.063988
v -0.497650 0.917300 -1.554188
v -0.497349 0.338900 -1.555788
v -0.823849 0.338900 -1.555925
v -0.503058 1.417700 -1.057890
v -0.502850 1.417700 -1.552690
v -0.502850 1.417700 -1.552690
v -0.821650 1.417700 -1.552824
v -0.566631 1.512100 -1.122817
v -0.619531 1.512100 -1.122839
v -0.703576 1.584100 -1.491174
v -0.760476 1.584100 -1.491198
v -0.515255 1.512100 -1.540895
v -0.515255 1.418300 -1.540895
v -0.816258 -0.000000 -1.058022
v -0.497658 -0.000000 -1.057888
v -0.496444 0.950600 -1.342647
v -0.496422 0.939800 -1.383387
v -0.497658 1.412700 -1.057888
v -0.497450 1.412700 -1.552688
v -0.496444 0.754900 -1.342647
v -0.496422 0.744100 -1.383387
v -0.497349 1.112900 -1.555788
v -0.823849 1.112900 -1.555925
v -0.496420 0.694600 -1.386817
v -0.496444 0.683300 -1.342647
v -0.496444 0.561100 -1.342647
v -0.496422 0.550400 -1.383387
v -0.561055 1.507100 -1.540915
v -0.509855 1.507100 -1.540893
v -0.818655 0.917300 -1.064123
v -0.497855 0.917300 -1.063988
v -0.496444 0.367200 -1.342647
v -0.496422 0.356500 -1.383387
v -0.566631 1.584100 -1.122817
v -0.566631 1.512100 -1.122817
v -0.498098 1.301700 -1.203093
v -0.498098 1.274700 -1.204272
v -0.760496 1.512100 -1.443899
v -0.807496 1.512100 -1.443918
v -0.498098 1.111100 -1.203093
v -0.498098 1.084100 -1.204272
v -0.507652 1.507100 -1.072292
v -0.561252 1.507100 -1.072315
v -0.619531 1.512100 -1.122839
v -0.619552 1.512100 -1.072339
v -0.498098 0.915400 -1.203093
v -0.498098 0.888400 -1.204272
v -0.698155 1.413300 -1.540972
v -0.755055 1.413300 -1.540996
v -0.503058 -0.000000 -1.057890
v -0.503058 1.417700 -1.057890
v -0.491949 0.917300 -1.555785
v -0.818449 0.917300 -1.555923
v -0.498098 0.721600 -1.203093
v -0.498098 0.694600 -1.204272
v -0.802096 1.413300 -1.443916
v -0.802207 1.413300 -1.178916
v -0.496420 0.500700 -1.386817
v -0.496444 0.489400 -1.342647
v -0.498098 0.527700 -1.203093
v -0.498098 0.500700 -1.204272
v -0.760631 1.512100 -1.122899
v -0.760607 1.512100 -1.178899
v -0.755096 1.579100 -1.443896
v -0.755096 1.507100 -1.443896
v -0.496420 1.111100 -1.385638
v -0.496420 1.084100 -1.386817
v -0.513031 1.418300 -1.122795
v -0.513007 1.418300 -1.178795
v -0.498098 1.274700 -1.204272
v -0.498122 1.263400 -1.160100
v -0.807496 1.512100 -1.443918
v -0.807476 1.512100 -1.491218
v -0.507652 1.413300 -1.072292
v -0.507652 1.507100 -1.072292
v -0.498098 1.084100 -1.204272
v -0.498122 1.072800 -1.160100
v -0.613955 1.413300 -1.540937
v -0.698155 1.413300 -1.540972
v -0.498098 0.888400 -1.204272
v -0.498122 0.877100 -1.160100
v -0.802076 1.413300 -1.491216
v -0.802096 1.413300 -1.443916
v -0.498098 0.694600 -1.204272
v -0.498122 0.683300 -1.160101
v -0.561096 1.579100 -1.443815
v -0.561076 1.579100 -1.491115
v -0.498098 0.500700 -1.204272
v -0.498122 0.489400 -1.160101
v -0.760631 1.584100 -1.122899
v -0.760631 1.512100 -1.122899
v -0.497855 1.107900 -1.063988
v -0.497650 1.107900 -1.554188
v -0.513052 1.418300 -1.072295
v -0.513031 1.418300 -1.122795
v -0.498085 1.275000 -1.227429
v -0.498085 1.301700 -1.227429
v -0.498085 1.084400 -1.227429
v -0.498085 1.111100 -1.227429
v -0.561252 1.413300 -1.072315
v -0.507652 1.413300 -1.072292
v -0.498085 0.888800 -1.227429
v -0.498085 0.915400 -1.227429
v -0.561055 1.413300 -1.540915
v -0.613955 1.413300 -1.540937
v -0.498085 0.695000 -1.227429
v -0.498085 0.721600 -1.227429
v -0.802055 1.413300 -1.541016
v -0.802076 1.413300 -1.491216
v -0.498085 0.501100 -1.227429
v -0.498085 0.527700 -1.227429
v -0.566652 1.512100 -1.072317
v -0.619552 1.512100 -1.072339
v -0.824055 0.726600 -1.064126
v -0.497855 0.726600 -1.063988
v -0.613976 1.507100 -1.491137
v -0.613976 1.579100 -1.491137
v -0.760607 1.584100 -1.178899
v -0.760631 1.584100 -1.122899
v -0.497658 -0.000000 -1.057888
v -0.497450 -0.000000 -1.552688
v -0.760607 1.584100 -1.178899
v -0.807607 1.584100 -1.178918
v -0.502850 -0.000000 -1.552690
v -0.821650 -0.000000 -1.552824
v -0.807631 1.418300 -1.122918
v -0.807652 1.418300 -1.072418
v -0.561096 1.507100 -1.443815
v -0.561076 1.507100 -1.491115
v -0.614152 1.413300 -1.072337
v -0.561252 1.413300 -1.072315
v -0.498098 1.111100 -1.228024
v -0.566476 1.584100 -1.491117
v -0.619376 1.584100 -1.491139
v -0.509855 1.413300 -1.540893
v -0.561055 1.413300 -1.540915
v -0.498085 0.915400 -1.227429
v -0.498098 0.915400 -1.203093
v -0.496420 0.915400 -1.385638
v -0.496420 0.888400 -1.386817
v -0.823849 0.726600 -1.555925
v -0.824055 0.726600 -1.064126
v -0.760631 1.584100 -1.122899
v -0.703731 1.584100 -1.122874
v -0.498061 1.141500 -1.270421
v -0.498061 1.263400 -1.270421
v -0.807455 1.418300 -1.541018
v -0.807476 1.418300 -1.491218
v -0.619552 1.582900 -1.071839
v -0.619531 1.584100 -1.122839
v -0.698352 1.413300 -1.072372
v -0.614152 1.413300 -1.072337
v -0.498061 0.755200 -1.270421
v -0.498061 0.877100 -1.270421
v -0.509876 1.413300 -1.491093
v -0.509855 1.413300 -1.540893
v -0.496420 1.108300 -1.385638
v -0.496406 1.108300 -1.411047
v -0.498061 0.561500 -1.270421
v -0.498061 0.683300 -1.270421
v -0.498061 0.367600 -1.270421
v -0.498061 0.489400 -1.270421
v -0.561076 1.507100 -1.491115
v -0.561076 1.579100 -1.491115
v -0.497855 0.527800 -1.063988
v -0.497650 0.527800 -1.554188
v -0.497349 0.726600 -1.555788
v -0.823849 0.726600 -1.555925
v -0.816250 -0.000000 -1.552822
v -0.816250 1.412700 -1.552822
v -0.566607 1.584100 -1.178817
v -0.566607 1.512100 -1.178817
v -0.498061 1.263400 -1.270421
v -0.498085 1.275000 -1.227429
v -0.755252 1.413300 -1.072396
v -0.698352 1.413300 -1.072372
v -0.498061 1.072800 -1.270421
v -0.498085 1.084400 -1.227429
v -0.566496 1.584100 -1.443817
v -0.566476 1.584100 -1.491117
v -0.507496 1.413300 -1.443792
v -0.509876 1.413300 -1.491093
v -0.498061 0.877100 -1.270421
v -0.498085 0.888800 -1.227429
v -0.496406 1.108300 -1.411047
v -0.496406 1.130600 -1.411047
v -0.802096 1.507100 -1.443916
v -0.802076 1.507100 -1.491216
v -0.498061 0.683300 -1.270421
v -0.498085 0.695000 -1.227429
v -0.498061 0.489400 -1.270421
v -0.498085 0.501100 -1.227429
v -0.566496 1.584100 -1.443817
v -0.515296 1.584100 -1.443796
v -0.515407 1.584100 -1.178796
v -0.566607 1.584100 -1.178817
v -0.498084 1.108300 -1.228502
v -0.498084 1.130600 -1.228502
v -0.807496 1.418300 -1.443918
v -0.807607 1.418300 -1.178918
v -0.497855 0.726600 -1.063988
v -0.497650 0.726600 -1.554188
v -0.498084 0.917700 -1.228502
v -0.498084 0.940000 -1.228502
v -0.802252 1.413300 -1.072416
v -0.755252 1.413300 -1.072396
v -0.498084 0.722000 -1.228502
v -0.498084 0.744300 -1.228502
v -0.507607 1.413300 -1.178792
v -0.507496 1.413300 -1.443792
v -0.818449 1.107900 -1.555923
v -0.818655 1.107900 -1.064123
v -0.496406 1.130600 -1.411047
v -0.496383 1.141500 -1.452967
v -0.498084 0.528300 -1.228502
v -0.498084 0.550500 -1.228502
v -0.755096 1.507100 -1.443896
v -0.802096 1.507100 -1.443916
v -0.498084 0.334400 -1.228502
v -0.498084 0.356600 -1.228502
v -0.614131 1.507100 -1.122837
v -0.614152 1.507100 -1.072337
v -0.498061 0.950900 -1.270421
v -0.498061 1.072800 -1.270421
v -0.818449 0.527800 -1.555923
v -0.818655 0.527800 -1.064123
v -0.816250 -0.000000 -1.552822
v -0.816458 -0.000000 -1.058522
v -0.497855 0.532800 -1.063988
v -0.497650 0.532800 -1.554188
v -0.496405 0.743900 -1.421988
v -0.496405 0.743900 -1.421988
v -0.497855 1.112900 -1.063988
v -0.497650 1.112900 -1.554188
v -0.513007 1.512100 -1.178795
v -0.515407 1.584100 -1.178796
v -0.566607 1.512100 -1.178817
v -0.513007 1.512100 -1.178795
v -0.513007 1.512100 -1.178795
v -0.513031 1.512100 -1.122795
v -0.760455 1.418300 -1.540998
v -0.807455 1.418300 -1.541018
v -0.498084 1.130600 -1.228502
v -0.498061 1.141500 -1.270421
v -0.807607 1.418300 -1.178918
v -0.807631 1.418300 -1.122918
v -0.802252 1.507100 -1.072416
v -0.802252 1.413300 -1.072416
v -0.498084 0.940000 -1.228502
v -0.498061 0.950900 -1.270421
v -0.496407 0.888800 -1.409975
v -0.496407 0.915400 -1.409975
v -0.566607 1.512100 -1.178817
v -0.566631 1.512100 -1.122817
v -0.507631 1.413300 -1.122792
v -0.507607 1.413300 -1.178792
v -0.498084 0.744300 -1.228502
v -0.498061 0.755200 -1.270421
v -0.818449 0.721600 -1.555923
v -0.818655 0.721600 -1.064123
v -0.496383 1.141500 -1.452967
v -0.496383 1.263400 -1.452967
v -0.498084 0.550500 -1.228502
v -0.498061 0.561500 -1.270421
v -0.703576 1.512100 -1.491174
v -0.703555 1.512100 -1.540974
v -0.498084 0.356600 -1.228502
v -0.498061 0.367600 -1.270421
v -0.824055 0.532800 -1.064126
v -0.497855 0.532800 -1.063988
v -0.818655 0.527800 -1.064123
v -0.497855 0.527800 -1.063988
v -0.515407 1.584100 -1.178796
v -0.515296 1.584100 -1.443796
v -0.824055 1.112900 -1.064125
v -0.497855 1.112900 -1.063988
v -0.496405 0.743900 -1.422088
v -0.496405 0.743900 -1.422088
v -0.513031 1.512100 -1.122795
v -0.513052 1.512100 -1.072295
v -0.566476 1.512100 -1.491117
v -0.619376 1.512100 -1.491139
v -0.619376 1.584100 -1.491139
v -0.619255 1.584100 -1.540939
v -0.755231 1.507100 -1.122896
v -0.698331 1.507100 -1.122872
v -0.497450 -0.000000 -1.552688
v -0.497450 1.412700 -1.552688
v -0.496407 0.695000 -1.409975
v -0.496407 0.721600 -1.409975
v -0.824055 1.307500 -1.064125
v -0.497855 1.307500 -1.063988
v -0.509876 1.507100 -1.491093
v -0.509855 1.507100 -1.540893
v -0.703752 1.418300 -1.072374
v -0.619552 1.418300 -1.072339
v -0.496421 1.130200 -1.384566
v -0.496421 1.111400 -1.385102
v -0.619376 1.512100 -1.491139
v -0.619255 1.512100 -1.540939
v -0.496420 0.917700 -1.385638
v -0.496406 0.917700 -1.411047
v -0.496420 0.722000 -1.385638
v -0.496406 0.722000 -1.411047
v -0.802207 1.413300 -1.178916
v -0.802231 1.413300 -1.122916
v -0.698176 1.579100 -1.491172
v -0.698176 1.507100 -1.491172
v -0.496420 0.528300 -1.385638
v -0.496406 0.528300 -1.411047
v -0.755076 1.579100 -1.491196
v -0.755076 1.507100 -1.491196
v -0.496420 0.334400 -1.385638
v -0.496406 0.334400 -1.411047
v -0.510007 1.579100 -1.178793
v -0.509896 1.579100 -1.443793
v -0.496407 0.501100 -1.409975
v -0.496407 0.527700 -1.409975
v -0.823849 1.307500 -1.555925
v -0.824055 1.307500 -1.064125
v -0.496406 0.356600 -1.411047
v -0.496383 0.367600 -1.452967
v -0.760652 1.418300 -1.072399
v -0.703752 1.418300 -1.072374
v -0.703555 1.418300 -1.540974
v -0.760455 1.418300 -1.540998
v -0.619255 1.512100 -1.540939
v -0.566455 1.512100 -1.540917
v -0.561231 1.507100 -1.122815
v -0.614131 1.507100 -1.122837
v -0.497658 -0.000000 -1.057888
v -0.497658 1.412700 -1.057888
v -0.698155 1.579100 -1.540972
v -0.698176 1.579100 -1.491172
v -0.755076 1.507100 -1.491196
v -0.698176 1.507100 -1.491172
v -0.497349 1.307500 -1.555788
v -0.823849 1.307500 -1.555925
v -0.497855 1.302500 -1.063988
v -0.497650 1.302500 -1.554188
v -0.807652 1.418300 -1.072418
v -0.760652 1.418300 -1.072399
v -0.619255 1.418300 -1.540939
v -0.703555 1.418300 -1.540974
v -0.698352 1.577900 -1.071872
v -0.614152 1.577900 -1.071837
v -0.509896 1.579100 -1.443793
v -0.507496 1.507100 -1.443792
v -0.703752 1.512100 -1.072374
v -0.703752 1.582900 -1.071874
v -0.561231 1.579100 -1.122815
v -0.561231 1.507100 -1.122815
v -0.498099 0.939600 -1.202020
v -0.498099 0.920800 -1.202556
v -0.755231 1.579100 -1.122896
v -0.755231 1.507100 -1.122896
v -0.698155 1.507100 -1.540972
v -0.698155 1.579100 -1.540972
v -0.498099 0.743900 -1.202021
v -0.498099 0.725100 -1.202556
v -0.698176 1.507100 -1.491172
v -0.698155 1.507100 -1.540972
v -0.498099 0.550200 -1.202021
v -0.498099 0.531300 -1.202556
v -0.755096 1.507100 -1.443896
v -0.755076 1.507100 -1.491196
v -0.498099 0.356300 -1.202021
v -0.498099 0.337400 -1.202556
v -0.496407 1.084400 -1.409975
v -0.496407 1.111100 -1.409975
v -0.807652 1.512100 -1.072418
v -0.807652 1.418300 -1.072418
v -0.566455 1.418300 -1.540917
v -0.619255 1.418300 -1.540939
v -0.503058 -0.000000 -1.057890
v -0.502850 -0.000000 -1.552690
v -0.614131 1.579100 -1.122837
v -0.561231 1.579100 -1.122815
v -0.614131 1.507100 -1.122837
v -0.614131 1.579100 -1.122837
v -0.816458 -0.000000 -1.058022
v -0.816458 1.412700 -1.058022
v -0.755055 1.507100 -1.540996
v -0.698155 1.507100 -1.540972
v -0.755076 1.579100 -1.491196
v -0.755096 1.579100 -1.443896
v -0.497855 0.922300 -1.063988
v -0.497650 0.922300 -1.554188
v -0.566476 1.512100 -1.491117
v -0.566476 1.584100 -1.491117
v -0.760607 1.512100 -1.178899
v -0.760607 1.584100 -1.178899
v -0.807631 1.512100 -1.122918
v -0.807652 1.512100 -1.072418
v -0.619552 1.512100 -1.072339
v -0.619552 1.582900 -1.071839
v -0.802231 1.413300 -1.122916
v -0.802252 1.413300 -1.072416
v -0.515255 1.418300 -1.540895
v -0.566455 1.418300 -1.540917
v -0.807476 1.512100 -1.491218
v -0.807455 1.512100 -1.541018
v -0.614152 1.577900 -1.071837
v -0.614131 1.579100 -1.122837
v -0.802055 1.507100 -1.541016
v -0.755055 1.507100 -1.540996
v -0.698176 1.579100 -1.491172
v -0.755076 1.579100 -1.491196
v -0.561231 1.579100 -1.122815
v -0.561207 1.579100 -1.178815
v -0.824055 0.922300 -1.064125
v -0.497855 0.922300 -1.063988
v -0.807607 1.512100 -1.178918
v -0.807631 1.512100 -1.122918
v -0.515276 1.418300 -1.491095
v -0.515255 1.418300 -1.540895
v -0.807496 1.584100 -1.443918
v -0.760496 1.584100 -1.443899
v -0.498122 1.263400 -1.160100
v -0.498122 1.141100 -1.160100
v -0.703731 1.584100 -1.122874
v -0.703752 1.582900 -1.071874
v -0.498122 1.072800 -1.160100
v -0.498122 0.950600 -1.160100
v -0.614152 1.507100 -1.072337
v -0.614152 1.577900 -1.071837
v -0.821650 -0.000000 -1.552824
v -0.821650 1.417700 -1.552824
v -0.498122 0.877100 -1.160100
v -0.498122 0.754900 -1.160101
v -0.802055 1.413300 -1.541016
v -0.802055 1.507100 -1.541016
v -0.561076 1.579100 -1.491115
v -0.613976 1.579100 -1.491137
v -0.755252 1.507100 -1.072396
v -0.802252 1.507100 -1.072416
v -0.498122 0.489400 -1.160101
v -0.498122 0.367200 -1.160101
v -0.823849 0.922300 -1.555925
v -0.824055 0.922300 -1.064125
v -0.807607 1.584100 -1.178918
v -0.807607 1.512100 -1.178918
v -0.512896 1.418300 -1.443795
v -0.515276 1.418300 -1.491095
v -0.760496 1.584100 -1.443899
v -0.760496 1.512100 -1.443899
v -0.498122 1.141100 -1.160100
v -0.498100 1.130400 -1.200841
v -0.491949 1.107900 -1.555785
v -0.818449 1.107900 -1.555923
v -0.561252 1.507100 -1.072315
v -0.614152 1.507100 -1.072337
v -0.496407 1.111100 -1.409975
v -0.496420 1.111100 -1.385638
v -0.498122 0.950600 -1.160100
v -0.498100 0.939800 -1.200841
v -0.755055 1.413300 -1.540996
v -0.802055 1.413300 -1.541016
v -0.498122 0.754900 -1.160101
v -0.498100 0.744100 -1.200841
v -0.498122 0.561100 -1.160101
v -0.498100 0.550400 -1.200841
v -0.561207 1.507100 -1.178815
v -0.561231 1.507100 -1.122815
v -0.498122 0.367200 -1.160101
v -0.498100 0.356500 -1.200841
v -0.497349 0.922300 -1.555788
v -0.823849 0.922300 -1.555925
v -0.513007 1.418300 -1.178795
v -0.512896 1.418300 -1.443795
v -0.497855 0.721600 -1.063988
v -0.497650 0.721600 -1.554188
v -0.491949 0.721600 -1.555785
v -0.818449 0.721600 -1.555923
v -0.496407 0.915400 -1.409975
v -0.496420 0.915400 -1.385638
v -0.496407 0.721600 -1.409975
v -0.496420 0.721600 -1.385638
v -0.613976 1.579100 -1.491137
v -0.613955 1.579100 -1.540937
v -0.818655 1.302500 -1.064123
v -0.497855 1.302500 -1.063988
v -0.821658 -0.000000 -1.058024
v -0.503058 -0.000000 -1.057890
v -0.515276 1.512100 -1.491095
v -0.515255 1.512100 -1.540895
v -0.496383 0.950900 -1.452967
v -0.496383 1.072800 -1.452967
v -0.619255 1.584100 -1.540939
v -0.703555 1.584100 -1.540974
v -0.496383 0.755200 -1.452967
v -0.496383 0.877100 -1.452967
v -0.703731 1.584100 -1.122874
v -0.703731 1.512100 -1.122874
v -0.496383 0.561500 -1.452967
v -0.496383 0.683300 -1.452967
v -0.561096 1.579100 -1.443815
v -0.509896 1.579100 -1.443793
v -0.496420 0.721600 -1.385638
v -0.496420 0.694600 -1.386817
v -0.496383 0.367600 -1.452967
v -0.496383 0.489400 -1.452967
v -0.807607 1.584100 -1.178918
v -0.807496 1.584100 -1.443918
v -0.818449 1.302500 -1.555923
v -0.818655 1.302500 -1.064123
v -0.497450 1.412700 -1.552688
v -0.816250 1.412700 -1.552822
v -0.703752 1.582900 -1.071874
v -0.619552 1.582900 -1.071839
v -0.513052 1.512100 -1.072295
v -0.566652 1.512100 -1.072317
v -0.496383 1.072800 -1.452967
v -0.496407 1.084400 -1.409975
v -0.619255 1.512100 -1.540939
v -0.619255 1.584100 -1.540939
v -0.698352 1.507100 -1.072372
v -0.755252 1.507100 -1.072396
v -0.496383 0.877100 -1.452967
v -0.496407 0.888800 -1.409975
v -0.561096 1.507100 -1.443815
v -0.561096 1.579100 -1.443815
v -0.496383 0.683300 -1.452967
v -0.496407 0.695000 -1.409975
v -0.496383 0.489400 -1.452967
v -0.496407 0.501100 -1.409975
v -0.491949 1.302500 -1.555785
v -0.818449 1.302500 -1.555923
v -0.496420 0.527700 -1.385638
v -0.496420 0.500700 -1.386817
v -0.502850 -0.000000 -1.552690
v -0.502850 1.417700 -1.552690
v -0.818449 0.917300 -1.555923
v -0.818655 0.917300 -1.064123
v -0.513052 1.418300 -1.072295
v -0.513052 1.512100 -1.072295
v -0.512896 1.512100 -1.443795
v -0.566496 1.512100 -1.443817
v -0.566496 1.512100 -1.443817
v -0.566476 1.512100 -1.491117
v -0.496406 0.917700 -1.411047
v -0.496406 0.940000 -1.411047
v -0.496406 0.722000 -1.411047
v -0.496406 0.744300 -1.411047
v -0.698331 1.507100 -1.122872
v -0.698352 1.507100 -1.072372
v -0.807496 1.584100 -1.443918
v -0.807496 1.512100 -1.443918
v -0.496406 0.528300 -1.411047
v -0.496406 0.550500 -1.411047
v -0.507496 1.507100 -1.443792
v -0.561096 1.507100 -1.443815
v -0.507496 1.507100 -1.443792
v -0.509876 1.507100 -1.491093
v -0.496406 0.334400 -1.411047
v -0.496406 0.356600 -1.411047
v -0.613955 1.507100 -1.540937
v -0.613955 1.579100 -1.540937
v -0.497450 -0.000000 -1.552688
v -0.816250 -0.000000 -1.552822
v -0.566652 1.418300 -1.072317
v -0.513052 1.418300 -1.072295
v -0.566455 1.512100 -1.540917
v -0.515255 1.512100 -1.540895
v -0.496406 0.940000 -1.411047
v -0.496383 0.950900 -1.452967
v -0.802096 1.579100 -1.443916
v -0.802096 1.507100 -1.443916
v -0.619376 1.512100 -1.491139
v -0.619376 1.584100 -1.491139
v -0.496406 0.744300 -1.411047
v -0.496383 0.755200 -1.452967
v -0.496406 0.550500 -1.411047
v -0.496383 0.561500 -1.452967
v -0.509855 1.507100 -1.540893
v -0.509855 1.413300 -1.540893
v -0.613955 1.579100 -1.540937
v -0.698155 1.579100 -1.540972
v -0.698331 1.579100 -1.122872
v -0.698331 1.507100 -1.122872
v -0.497855 1.307500 -1.063988
v -0.497650 1.307500 -1.554188
v -0.619552 1.418300 -1.072339
v -0.566652 1.418300 -1.072317
v -0.515296 1.584100 -1.443796
v -0.512896 1.512100 -1.443795
v -0.807455 1.418300 -1.541018
v -0.807455 1.512100 -1.541018
v -0.802231 1.507100 -1.122916
v -0.802252 1.507100 -1.072416
v -0.507652 1.413300 -1.072292
v -0.507631 1.413300 -1.122792
v -0.496383 1.263400 -1.452967
v -0.496407 1.275000 -1.409975
v -0.802096 1.579100 -1.443916
v -0.755096 1.579100 -1.443896
v -0.698331 1.579100 -1.122872
v -0.698352 1.577900 -1.071872
v -0.821650 -0.000000 -1.552824
v -0.821858 -0.000000 -1.058525
v -0.823849 0.532800 -1.555925
v -0.824055 0.532800 -1.064126
v -0.823849 1.112900 -1.555925
v -0.824055 1.112900 -1.064125
v -0.807455 1.512100 -1.541018
v -0.760455 1.512100 -1.540998
v -0.512896 1.512100 -1.443795
v -0.515276 1.512100 -1.491095
v -0.802207 1.507100 -1.178916
v -0.802231 1.507100 -1.122916
v -0.566631 1.584100 -1.122817
v -0.566607 1.584100 -1.178817
v -0.496407 1.275000 -1.409975
v -0.496407 1.301700 -1.409975
v -0.498098 0.528300 -1.203093
v -0.498084 0.528300 -1.228502
v -0.802076 1.507100 -1.491216
v -0.802055 1.507100 -1.541016
v -0.498098 0.334400 -1.203093
v -0.498084 0.334400 -1.228502
v -0.497349 0.532800 -1.555788
v -0.823849 0.532800 -1.555925
v -0.491949 0.527800 -1.555786
v -0.818449 0.527800 -1.555923
v -0.496405 0.744100 -1.420988
v -0.496405 0.744100 -1.420988
v 0.557746 1.433300 -2.257045
v 0.557768 1.616800 -2.311245
v 0.555459 0.891600 -2.051046
v 0.510759 1.069300 -2.051065
v 0.177559 0.526100 -2.051205
v 0.222259 0.343200 -2.051186
v 0.557772 0.891600 -2.320245
v 0.557795 0.708800 -2.373745
v 0.416159 1.434000 -2.051104
v 0.459859 1.616800 -2.051086
v 0.557768 0.891600 -2.311245
v 0.557746 1.069300 -2.257645
v 0.564735 1.801300 -2.470742
v 0.161835 1.801300 -2.470911
v 0.564359 1.437900 -2.049842
v 0.564536 1.437900 -2.471842
v 0.211287 2.453600 -2.116190
v 0.256187 2.453600 -2.116171
v 0.549189 1.806400 -2.359448
v 0.549107 1.806400 -2.164948
v 0.216666 1.983800 -2.067588
v 0.168966 1.983800 -2.067608
v 0.211389 2.453600 -2.359590
v 0.211389 2.634400 -2.359590
v 0.261709 2.629400 -2.408769
v 0.261709 2.448600 -2.408769
v 0.501207 2.170300 -2.165068
v 0.501186 2.170300 -2.116068
v 0.211389 2.170300 -2.359590
v 0.211409 2.170300 -2.408790
v 0.211409 2.170300 -2.408790
v 0.211432 2.170300 -2.461290
v 0.506731 2.165300 -2.461166
v 0.506709 2.165300 -2.408666
v 0.554466 1.801400 -2.067446
v 0.506566 1.801400 -2.067466
v 0.221859 0.703800 -2.051186
v 0.177559 0.526100 -2.051205
v 0.163789 2.352400 -2.359610
v 0.163707 2.352400 -2.165210
v 0.557746 1.069300 -2.257645
v 0.557724 0.891600 -2.204545
v 0.564458 1.801300 -2.049342
v 0.564735 1.801300 -2.470742
v 0.216687 2.347400 -2.116188
v 0.216687 2.165300 -2.116188
v 0.216687 2.165300 -2.116188
v 0.216687 1.983800 -2.116188
v 0.456909 2.629400 -2.408687
v 0.261709 2.629400 -2.408769
v 0.211389 2.634400 -2.359590
v 0.211307 2.634400 -2.165190
v 0.501186 2.170300 -2.116068
v 0.501166 2.170300 -2.067468
v 0.216832 1.983800 -2.461288
v 0.169132 1.983800 -2.461308
v 0.501309 1.988800 -2.408669
v 0.549209 1.988800 -2.408648
v 0.211307 2.352400 -2.165190
v 0.163707 2.352400 -2.165210
v 0.211307 2.170300 -2.165190
v 0.211307 2.352400 -2.165190
v 0.211307 2.352400 -2.165190
v 0.211389 2.352400 -2.359590
v 0.161835 -0.000000 -2.470911
v 0.161835 1.801300 -2.470911
v 0.456786 2.165300 -2.116087
v 0.456766 2.165300 -2.067487
v 0.466359 0.891600 -2.051083
v 0.511159 0.708800 -2.051064
v 0.557817 0.891600 -2.426845
v 0.557795 1.069300 -2.373345
v 0.415459 0.709200 -2.051105
v 0.459859 0.891600 -2.051086
v 0.415059 1.794500 -2.051105
v 0.370759 1.616800 -2.051123
v 0.157537 1.437900 -2.473513
v 0.157259 1.437900 -2.050013
v 0.549231 1.806400 -2.461149
v 0.549209 1.806400 -2.408648
v 0.211266 2.170300 -2.067590
v 0.256166 2.170300 -2.067571
v 0.216687 2.448600 -2.116188
v 0.216687 2.347400 -2.116188
v 0.501289 2.352400 -2.359468
v 0.501207 2.352400 -2.165068
v 0.211307 2.634400 -2.165190
v 0.256207 2.634400 -2.165171
v 0.216810 2.448600 -2.408788
v 0.216810 2.347400 -2.408788
v 0.456909 2.347400 -2.408687
v 0.456931 2.347400 -2.461187
v 0.456766 2.165300 -2.067487
v 0.456766 2.347400 -2.067487
v 0.510759 1.069300 -2.051065
v 0.466359 0.891600 -2.051083
v 0.557795 1.069300 -2.373345
v 0.557772 0.891600 -2.320245
v 0.557746 0.710300 -2.257645
v 0.557768 0.891600 -2.311245
v 0.459859 1.616800 -2.051086
v 0.415059 1.794500 -2.051105
v 0.157259 1.437900 -2.050013
v 0.564359 1.437900 -2.049842
v 0.161835 1.801300 -2.470911
v 0.161659 1.801300 -2.050011
v 0.549209 1.806400 -2.408648
v 0.549189 1.806400 -2.359448
v 0.216707 2.448600 -2.165188
v 0.216687 2.448600 -2.116188
v 0.261709 2.448600 -2.408769
v 0.261709 2.448600 -2.408769
v 0.261709 2.448600 -2.408769
v 0.216810 2.448600 -2.408788
v 0.256207 2.634400 -2.165171
v 0.256207 2.453600 -2.165171
v 0.506709 1.983800 -2.408666
v 0.506731 1.983800 -2.461166
v 0.169109 1.983800 -2.408808
v 0.169132 1.983800 -2.461308
v 0.501309 2.453600 -2.408669
v 0.451509 2.453600 -2.408689
v 0.163831 1.988800 -2.461310
v 0.163831 1.806400 -2.461310
v 0.564735 1.801300 -2.470742
v 0.564735 -0.000000 -2.470742
v 0.511559 1.070900 -2.051064
v 0.555459 1.253600 -2.051046
v 0.216789 2.629400 -2.359588
v 0.216707 2.629400 -2.165188
v 0.506709 1.983800 -2.408666
v 0.554609 1.983800 -2.408646
v 0.566236 0.345100 -2.473341
v 0.157537 0.345100 -2.473513
v 0.571537 0.340100 -2.473339
v 0.162837 0.340100 -2.473511
v 0.261566 2.165300 -2.067569
v 0.261566 2.347400 -2.067569
v 0.559335 -0.000000 -2.470744
v 0.156435 -0.000000 -2.470913
v 0.216687 1.983800 -2.116188
v 0.216666 1.983800 -2.067588
v 0.501166 1.806400 -2.067468
v 0.451366 1.806400 -2.067489
v 0.216810 2.165300 -2.408788
v 0.216810 1.983800 -2.408788
v 0.169109 2.165300 -2.408808
v 0.216810 2.165300 -2.408788
v 0.216810 2.165300 -2.408788
v 0.261709 2.165300 -2.408769
v 0.216687 2.448600 -2.116188
v 0.261587 2.448600 -2.116169
v 0.216707 2.629400 -2.165188
v 0.261607 2.629400 -2.165169
v 0.459859 0.891600 -2.051086
v 0.415059 1.069300 -2.051105
v 0.370759 1.616800 -2.051123
v 0.415459 1.434000 -2.051105
v 0.157537 0.345100 -2.473513
v 0.157259 0.345100 -2.050013
v 0.261587 2.165300 -2.116169
v 0.261566 2.165300 -2.067569
v 0.162837 0.340100 -2.473511
v 0.162659 0.340100 -2.050011
v 0.261587 2.347400 -2.116169
v 0.261587 2.165300 -2.116169
v 0.261587 2.165300 -2.116169
v 0.216687 2.165300 -2.116188
v 0.549189 2.170300 -2.359448
v 0.549209 2.170300 -2.408648
v 0.451509 2.453600 -2.408689
v 0.451509 2.634400 -2.408689
v 0.216687 2.347400 -2.116188
v 0.216687 2.347400 -2.116188
v 0.163789 2.170300 -2.359610
v 0.211389 2.170300 -2.359590
v 0.451366 1.806400 -2.067489
v 0.256166 1.806400 -2.067571
v 0.216810 2.347400 -2.408788
v 0.216810 2.347400 -2.408788
v 0.216810 2.347400 -2.408788
v 0.216810 2.165300 -2.408788
v 0.256289 2.453600 -2.359571
v 0.256289 2.634400 -2.359571
v 0.501166 1.988800 -2.067468
v 0.501186 1.988800 -2.116068
v 0.169109 2.165300 -2.408808
v 0.169089 2.165300 -2.359608
v 0.216687 1.983800 -2.116188
v 0.168987 1.983800 -2.116208
v 0.501289 2.453600 -2.359468
v 0.501289 2.634400 -2.359468
v 0.211389 2.352400 -2.359590
v 0.211389 2.170300 -2.359590
v 0.564458 -0.000000 -2.049342
v 0.564458 1.801300 -2.049342
v 0.216707 2.448600 -2.165188
v 0.216707 2.629400 -2.165188
v 0.261607 2.448600 -2.165169
v 0.216707 2.448600 -2.165188
v 0.261566 2.347400 -2.067569
v 0.456766 2.347400 -2.067487
v 0.557724 0.891600 -2.204545
v 0.557746 0.708800 -2.258145
v 0.162837 1.068600 -2.473511
v 0.162659 1.068600 -2.050011
v 0.156459 -0.000000 -2.049513
v 0.559158 -0.000000 -2.049344
v 0.162659 0.340100 -2.050011
v 0.564359 0.340100 -2.049842
v 0.549086 1.806400 -2.116048
v 0.549066 1.806400 -2.067448
v 0.501331 2.170300 -2.461169
v 0.451531 2.170300 -2.461190
v 0.554466 1.983800 -2.067446
v 0.554466 1.801400 -2.067446
v 0.501166 2.170300 -2.067468
v 0.501166 1.988800 -2.067468
v 0.256289 2.634400 -2.359571
v 0.211389 2.634400 -2.359590
v 0.169109 1.983800 -2.408808
v 0.169109 2.165300 -2.408808
v 0.163707 2.352400 -2.165210
v 0.163707 2.170300 -2.165210
v 0.451407 2.634400 -2.165089
v 0.501207 2.634400 -2.165068
v 0.261732 2.165300 -2.461269
v 0.216832 2.165300 -2.461288
v 0.451407 2.453600 -2.165089
v 0.451407 2.634400 -2.165089
v 0.216666 2.165300 -2.067588
v 0.261566 2.165300 -2.067569
v 0.256166 2.170300 -2.067571
v 0.256166 2.352400 -2.067571
v 0.216789 2.448600 -2.359588
v 0.216789 2.629400 -2.359588
v 0.555459 1.253600 -2.051046
v 0.510759 1.431300 -2.051064
v 0.370759 0.891600 -2.051123
v 0.415459 0.708800 -2.051105
v 0.571537 1.068600 -2.473339
v 0.162837 1.068600 -2.473511
v 0.559158 -0.000000 -2.049344
v 0.559335 -0.000000 -2.470744
v 0.261566 2.347400 -2.067569
v 0.261587 2.347400 -2.116169
v 0.501207 2.352400 -2.165068
v 0.501207 2.170300 -2.165068
v 0.549066 1.806400 -2.067448
v 0.501166 1.806400 -2.067468
v 0.256289 2.453600 -2.359571
v 0.256310 2.453600 -2.408772
v 0.501166 1.988800 -2.067468
v 0.549066 1.988800 -2.067448
v 0.216810 1.983800 -2.408788
v 0.169109 1.983800 -2.408808
v 0.506586 2.448600 -2.116066
v 0.506607 2.448600 -2.165066
v 0.163707 2.170300 -2.165210
v 0.211307 2.170300 -2.165190
v 0.501289 2.634400 -2.359468
v 0.501207 2.634400 -2.165068
v 0.161659 -0.000000 -2.049511
v 0.161659 1.801300 -2.049511
v 0.557675 1.616800 -2.088945
v 0.557698 1.434000 -2.142545
v 0.557720 0.526100 -2.195545
v 0.557697 0.703800 -2.142045
v 0.318859 0.343900 -2.051145
v 0.363259 0.526100 -2.051127
v 0.261587 2.629400 -2.116169
v 0.456786 2.629400 -2.116087
v 0.318459 1.431300 -2.051145
v 0.274159 1.253600 -2.051164
v 0.506586 2.448600 -2.116066
v 0.506586 2.347400 -2.116066
v 0.216659 0.715200 -2.051188
v 0.261259 0.896600 -2.051169
v 0.501289 2.170300 -2.359468
v 0.549189 2.170300 -2.359448
v 0.163809 1.806400 -2.408810
v 0.163831 1.806400 -2.461310
v 0.501309 2.352400 -2.408669
v 0.501309 2.352400 -2.408669
v 0.501309 2.352400 -2.408669
v 0.501309 2.170300 -2.408669
v 0.256207 2.453600 -2.165171
v 0.256187 2.453600 -2.116171
v 0.256187 2.453600 -2.116171
v 0.256187 2.634400 -2.116171
v 0.451509 2.352400 -2.408689
v 0.451509 2.170300 -2.408689
v 0.216707 2.165300 -2.165188
v 0.216707 2.347400 -2.165188
v 0.216707 2.347400 -2.165188
v 0.216789 2.347400 -2.359588
v 0.501186 2.170300 -2.116068
v 0.501186 1.988800 -2.116068
v 0.557768 0.526100 -2.311245
v 0.557746 0.703800 -2.257645
v 0.557697 1.794500 -2.142045
v 0.557675 1.616800 -2.088945
v 0.557697 0.703800 -2.142045
v 0.557675 0.526100 -2.088945
v 0.456786 2.629400 -2.116087
v 0.456807 2.629400 -2.165087
v 0.363259 1.253600 -2.051126
v 0.318459 1.431300 -2.051145
v 0.564359 1.432900 -2.049842
v 0.564536 1.432900 -2.471842
v 0.261259 0.896600 -2.051169
v 0.216559 1.074300 -2.051188
v 0.506607 2.165300 -2.165066
v 0.554507 2.165300 -2.164946
v 0.554589 1.801400 -2.359446
v 0.554507 1.801400 -2.164946
v 0.163831 1.806400 -2.461310
v 0.211432 1.806400 -2.461290
v 0.501186 2.170300 -2.116068
v 0.549086 2.170300 -2.116048
v 0.451386 2.170300 -2.116089
v 0.501186 2.170300 -2.116068
v 0.501309 2.170300 -2.408669
v 0.501309 1.988800 -2.408669
v 0.501331 2.170300 -2.461169
v 0.501309 2.170300 -2.408669
v 0.501309 2.170300 -2.408669
v 0.501289 2.170300 -2.359468
v 0.216789 2.165300 -2.359588
v 0.216810 2.165300 -2.408788
v 0.216810 2.165300 -2.408788
v 0.216832 2.165300 -2.461288
v 0.557746 0.343800 -2.257745
v 0.557768 0.526100 -2.311245
v 0.512059 0.344100 -2.051064
v 0.555459 0.526100 -2.051046
v 0.501289 2.352400 -2.359468
v 0.549189 2.352400 -2.359448
v 0.261607 2.448600 -2.165169
v 0.261587 2.448600 -2.116169
v 0.261587 2.448600 -2.116169
v 0.261587 2.629400 -2.116169
v 0.318459 0.703800 -2.051145
v 0.274159 0.526100 -2.051164
v 0.506586 2.165300 -2.116066
v 0.506586 1.983800 -2.116066
v 0.506586 2.347400 -2.116066
v 0.506586 2.165300 -2.116066
v 0.365359 0.896600 -2.051126
v 0.410059 0.713800 -2.051107
v 0.564458 -0.000000 -2.049342
v 0.564735 -0.000000 -2.470742
v 0.163707 1.806400 -2.165210
v 0.163789 1.806400 -2.359610
v 0.451509 2.170300 -2.408689
v 0.451531 2.170300 -2.461190
v 0.501289 2.453600 -2.359468
v 0.501309 2.453600 -2.408669
v 0.256310 2.170300 -2.408772
v 0.256310 2.352400 -2.408772
v 0.256187 2.634400 -2.116171
v 0.451386 2.634400 -2.116089
v 0.169007 2.165300 -2.165208
v 0.216707 2.165300 -2.165188
v 0.501186 2.453600 -2.116068
v 0.501186 2.352400 -2.116068
v 0.557724 0.526100 -2.204545
v 0.557746 0.343200 -2.258145
v 0.557698 0.343600 -2.142545
v 0.557720 0.526100 -2.195545
v 0.363259 0.526100 -2.051127
v 0.318459 0.703800 -2.051145
v 0.274159 1.253600 -2.051164
v 0.318859 1.070700 -2.051145
v 0.161859 -0.000000 -2.049511
v 0.564458 -0.000000 -2.049342
v 0.163789 1.806400 -2.359610
v 0.163809 1.806400 -2.408810
v 0.554486 1.801400 -2.116046
v 0.554466 1.801400 -2.067446
v 0.451531 2.352400 -2.461190
v 0.256332 2.352400 -2.461272
v 0.501309 2.453600 -2.408669
v 0.501309 2.352400 -2.408669
v 0.506586 1.983800 -2.116066
v 0.554486 1.983800 -2.116046
v 0.451386 2.170300 -2.116089
v 0.451366 2.170300 -2.067489
v 0.451386 2.352400 -2.116089
v 0.451386 2.170300 -2.116089
v 0.501207 2.352400 -2.165068
v 0.549107 2.352400 -2.165048
v 0.256310 2.352400 -2.408772
v 0.451509 2.352400 -2.408689
v 0.169007 2.347400 -2.165208
v 0.169007 2.165300 -2.165208
v 0.451386 2.634400 -2.116089
v 0.451407 2.634400 -2.165089
v 0.557746 0.703800 -2.257645
v 0.557724 0.526100 -2.204545
v 0.510759 0.703800 -2.051065
v 0.466359 0.526100 -2.051083
v 0.506586 2.165300 -2.116066
v 0.554486 2.165300 -2.116046
v 0.456786 2.165300 -2.116087
v 0.506586 2.165300 -2.116066
v 0.564359 0.340100 -2.049842
v 0.564536 0.340100 -2.471842
v 0.266659 1.253600 -2.051167
v 0.221859 1.431300 -2.051186
v 0.456786 2.448600 -2.116087
v 0.456786 2.629400 -2.116087
v 0.161835 -0.000000 -2.470911
v 0.161659 -0.000000 -2.050211
v 0.211409 1.988800 -2.408790
v 0.163809 1.988800 -2.408810
v 0.451531 2.170300 -2.461190
v 0.451531 2.352400 -2.461190
v 0.456766 1.801400 -2.067487
v 0.261566 1.801400 -2.067569
v 0.451531 1.806400 -2.461190
v 0.501331 1.806400 -2.461169
v 0.451366 2.170300 -2.067489
v 0.451366 2.352400 -2.067489
v 0.456889 2.448600 -2.359487
v 0.456909 2.448600 -2.408687
v 0.216789 2.347400 -2.359588
v 0.216789 2.165300 -2.359588
v 0.451386 2.352400 -2.116089
v 0.256187 2.352400 -2.116171
v 0.506689 2.165300 -2.359466
v 0.554589 2.165300 -2.359446
v 0.555459 0.526100 -2.051046
v 0.510759 0.703800 -2.051065
v 0.274159 0.526100 -2.051164
v 0.318859 0.343200 -2.051145
v 0.557795 0.708900 -2.373445
v 0.557817 0.891600 -2.426845
v 0.511059 0.709900 -2.051064
v 0.555459 0.891600 -2.051046
v 0.222359 1.071600 -2.051186
v 0.266659 1.253600 -2.051167
v 0.456807 2.448600 -2.165087
v 0.456786 2.448600 -2.116087
v 0.564735 -0.000000 -2.470742
v 0.161835 -0.000000 -2.470911
v 0.566236 1.437900 -2.473341
v 0.157537 1.437900 -2.473513
v 0.506566 1.801400 -2.067466
v 0.456766 1.801400 -2.067487
v 0.501331 1.806400 -2.461169
v 0.549231 1.806400 -2.461149
v 0.451366 2.352400 -2.067489
v 0.451386 2.352400 -2.116089
v 0.501289 2.170300 -2.359468
v 0.501289 2.352400 -2.359468
v 0.554631 1.983800 -2.461146
v 0.554631 1.801400 -2.461146
v 0.256207 2.634400 -2.165171
v 0.256187 2.634400 -2.116171
v 0.501331 1.988800 -2.461169
v 0.549231 1.988800 -2.461149
v 0.510759 1.431300 -2.051064
v 0.466359 1.253600 -2.051083
v 0.557675 0.526100 -2.088945
v 0.557698 0.343200 -2.142545
v 0.266659 0.526100 -2.051167
v 0.221859 0.703800 -2.051186
v 0.216687 2.165300 -2.116188
v 0.216707 2.165300 -2.165188
v 0.456786 2.347400 -2.116087
v 0.261587 2.347400 -2.116169
v 0.177559 1.253600 -2.051204
v 0.222259 1.070700 -2.051186
v 0.156435 -0.000000 -2.470913
v 0.156259 -0.000000 -2.050213
v 0.216559 1.074300 -2.051188
v 0.172159 0.896600 -2.051207
v 0.161659 1.801300 -2.049511
v 0.564458 1.801300 -2.049342
v 0.211432 1.806400 -2.461290
v 0.256332 1.806400 -2.461272
v 0.451509 2.352400 -2.408689
v 0.451531 2.352400 -2.461190
v 0.501309 1.988800 -2.408669
v 0.501331 1.988800 -2.461169
v 0.456909 2.448600 -2.408687
v 0.456909 2.629400 -2.408687
v 0.549209 2.170300 -2.408648
v 0.549209 1.988800 -2.408648
v 0.216832 2.165300 -2.461288
v 0.216832 1.983800 -2.461288
v 0.451386 2.453600 -2.116089
v 0.451386 2.634400 -2.116089
v 0.466359 0.526100 -2.051083
v 0.511159 0.343200 -2.051064
v 0.211287 1.988800 -2.116190
v 0.211266 1.988800 -2.067590
v 0.261607 2.629400 -2.165169
v 0.261587 2.629400 -2.116169
v 0.222159 0.343300 -2.051186
v 0.266659 0.526100 -2.051167
v 0.221859 1.431300 -2.051186
v 0.177559 1.253600 -2.051204
v 0.172159 0.896600 -2.051207
v 0.216959 0.713800 -2.051188
v 0.256332 1.806400 -2.461272
v 0.451531 1.806400 -2.461190
v 0.261566 1.801400 -2.067569
v 0.216666 1.801400 -2.067588
v 0.501331 1.988800 -2.461169
v 0.501331 2.170300 -2.461169
v 0.211287 2.352400 -2.116190
v 0.211287 2.170300 -2.116190
v 0.456909 2.165300 -2.408687
v 0.506709 2.165300 -2.408666
v 0.506709 2.165300 -2.408666
v 0.554609 2.165300 -2.408646
v 0.549209 1.988800 -2.408648
v 0.549231 1.988800 -2.461149
v 0.256166 2.352400 -2.067571
v 0.451366 2.352400 -2.067489
v 0.456807 2.629400 -2.165087
v 0.506607 2.629400 -2.165066
v 0.451407 2.453600 -2.165089
v 0.451386 2.453600 -2.116089
v 0.162659 0.706300 -2.050011
v 0.564359 0.706300 -2.049842
v 0.506731 2.165300 -2.461166
v 0.456931 2.165300 -2.461187
v 0.451489 2.453600 -2.359489
v 0.451509 2.453600 -2.408689
v 0.266659 1.616800 -2.051167
v 0.221859 1.794500 -2.051186
v 0.157259 1.073600 -2.050013
v 0.564359 1.073600 -2.049842
v 0.169132 1.801400 -2.461308
v 0.216832 1.801400 -2.461288
v 0.211287 2.170300 -2.116190
v 0.163587 2.170300 -2.116210
v 0.501207 2.170300 -2.165068
v 0.549107 2.170300 -2.164948
v 0.557720 0.891600 -2.195545
v 0.557697 1.069300 -2.142045
v 0.557817 0.526100 -2.426845
v 0.557795 0.703800 -2.373345
v 0.211409 2.453600 -2.408790
v 0.211409 2.352400 -2.408790
v 0.256332 2.352400 -2.461272
v 0.256332 2.170300 -2.461272
v 0.557768 1.616800 -2.311245
v 0.557746 1.794500 -2.257645
v 0.162837 0.706300 -2.473511
v 0.162659 0.706300 -2.050011
v 0.177559 0.891600 -2.051205
v 0.222259 0.708800 -2.051186
v 0.222559 1.433900 -2.051186
v 0.266659 1.616800 -2.051167
v 0.564359 1.073600 -2.049842
v 0.564536 1.073600 -2.471842
v 0.169109 1.801400 -2.408808
v 0.169132 1.801400 -2.461308
v 0.163587 2.170300 -2.116210
v 0.163587 1.988800 -2.116210
v 0.506689 2.165300 -2.359466
v 0.506689 2.347400 -2.359466
v 0.549107 2.352400 -2.165048
v 0.549189 2.352400 -2.359448
v 0.557697 1.069300 -2.142045
v 0.557675 0.891600 -2.088945
v 0.557795 0.343100 -2.373545
v 0.557817 0.526100 -2.426845
v 0.557697 1.071600 -2.142145
v 0.557720 1.253600 -2.195545
v 0.211409 2.352400 -2.408790
v 0.211409 2.352400 -2.408790
v 0.211409 2.352400 -2.408790
v 0.211409 2.170300 -2.408790
v 0.451366 2.170300 -2.067489
v 0.501166 2.170300 -2.067468
v 0.557746 1.794500 -2.257645
v 0.557724 1.616800 -2.204545
v 0.216789 2.347400 -2.359588
v 0.169089 2.347400 -2.359608
v 0.456889 2.629400 -2.359487
v 0.456889 2.448600 -2.359487
v 0.459859 1.253600 -2.051086
v 0.415059 1.431300 -2.051105
v 0.566236 1.073600 -2.473341
v 0.157537 1.073600 -2.473513
v 0.177559 1.616800 -2.051204
v 0.222259 1.434000 -2.051186
v 0.256166 2.352400 -2.067571
v 0.256187 2.352400 -2.116171
v 0.211409 1.988800 -2.408790
v 0.211432 1.988800 -2.461290
v 0.261732 1.801400 -2.461269
v 0.456931 1.801400 -2.461187
v 0.549107 2.170300 -2.164948
v 0.549107 2.352400 -2.165048
v 0.506607 2.165300 -2.165066
v 0.506586 2.165300 -2.116066
v 0.256310 2.634400 -2.408772
v 0.256310 2.453600 -2.408772
v 0.557720 1.253600 -2.195545
v 0.557697 1.431300 -2.142045
v 0.557772 0.526100 -2.320245
v 0.557795 0.343200 -2.373745
v 0.256310 2.352400 -2.408772
v 0.256332 2.352400 -2.461272
v 0.557724 1.616800 -2.204545
v 0.557746 1.434000 -2.258145
v 0.564359 0.706300 -2.049842
v 0.564536 0.706300 -2.471842
v 0.261607 2.629400 -2.165169
v 0.261607 2.448600 -2.165169
v 0.506689 2.629400 -2.359466
v 0.456889 2.629400 -2.359487
v 0.415259 1.071600 -2.051105
v 0.459859 1.253600 -2.051086
v 0.157537 1.073600 -2.473513
v 0.157259 1.073600 -2.050013
v 0.221859 1.794500 -2.051186
v 0.177559 1.616800 -2.051204
v 0.216832 1.801400 -2.461288
v 0.261732 1.801400 -2.461269
v 0.456766 2.347400 -2.067487
v 0.456786 2.347400 -2.116087
v 0.456931 2.165300 -2.461187
v 0.456931 2.347400 -2.461187
v 0.506607 2.347400 -2.165066
v 0.506607 2.165300 -2.165066
v 0.501186 2.352400 -2.116068
v 0.501186 2.170300 -2.116068
v 0.256310 2.453600 -2.408772
v 0.211409 2.453600 -2.408790
v 0.557795 0.703800 -2.373345
v 0.557772 0.526100 -2.320245
v 0.557697 1.431300 -2.142045
v 0.557675 1.253600 -2.088945
v 0.211307 2.453600 -2.165190
v 0.211307 2.634400 -2.165190
v 0.256207 2.453600 -2.165171
v 0.211307 2.453600 -2.165190
v 0.216810 1.983800 -2.408788
v 0.216832 1.983800 -2.461288
v 0.557795 1.433000 -2.373445
v 0.557817 1.616800 -2.426845
v 0.554507 2.165300 -2.164946
v 0.554507 2.347400 -2.165046
v 0.554486 1.983800 -2.116046
v 0.554486 2.165300 -2.116046
v 0.459859 0.526100 -2.051086
v 0.415059 0.703800 -2.051105
v 0.456889 2.629400 -2.359487
v 0.456909 2.629400 -2.408687
v 0.370759 1.253600 -2.051123
v 0.415459 1.070700 -2.051105
v 0.456766 2.165300 -2.067487
v 0.506566 2.165300 -2.067466
v 0.571537 1.432900 -2.473339
v 0.162837 1.432900 -2.473511
v 0.454459 0.896600 -2.051088
v 0.409659 1.074300 -2.051107
v 0.506731 1.801400 -2.461166
v 0.554631 1.801400 -2.461146
v 0.163566 1.806400 -2.067610
v 0.163587 1.806400 -2.116210
v 0.211266 1.806400 -2.067590
v 0.163566 1.806400 -2.067610
v 0.506566 2.165300 -2.067466
v 0.506566 1.983800 -2.067466
v 0.549066 1.988800 -2.067448
v 0.549066 1.806400 -2.067448
v 0.557675 1.253600 -2.088945
v 0.557698 1.070700 -2.142545
v 0.506731 1.983800 -2.461166
v 0.554631 1.983800 -2.461146
v 0.163809 1.988800 -2.408810
v 0.163809 2.170300 -2.408810
v 0.211266 1.988800 -2.067590
v 0.163566 1.988800 -2.067610
v 0.557817 1.616800 -2.426845
v 0.557795 1.794500 -2.373345
v 0.554589 2.165300 -2.359446
v 0.554609 2.165300 -2.408646
v 0.156259 -0.000000 -2.049513
v 0.156259 1.806300 -2.049513
v 0.554486 2.165300 -2.116046
v 0.554507 2.165300 -2.164946
v 0.415959 0.343400 -2.051105
v 0.459859 0.526100 -2.051086
v 0.415059 1.431300 -2.051105
v 0.370759 1.253600 -2.051123
v 0.261709 2.347400 -2.408769
v 0.261732 2.347400 -2.461269
v 0.409659 1.074300 -2.051107
v 0.365359 0.896600 -2.051126
v 0.456931 1.801400 -2.461187
v 0.506731 1.801400 -2.461166
v 0.163587 1.806400 -2.116210
v 0.163707 1.806400 -2.165210
v 0.506586 2.165300 -2.116066
v 0.506566 2.165300 -2.067466
v 0.451489 2.453600 -2.359489
v 0.501289 2.453600 -2.359468
v 0.557795 1.794500 -2.373345
v 0.557772 1.616800 -2.320245
v 0.506607 2.347400 -2.165066
v 0.554507 2.347400 -2.165046
v 0.557720 1.616800 -2.195545
v 0.557697 1.794500 -2.142045
v 0.261709 2.629400 -2.408769
v 0.261689 2.629400 -2.359569
v 0.370759 0.526100 -2.051123
v 0.415459 0.343200 -2.051105
v 0.456786 2.448600 -2.116087
v 0.506586 2.448600 -2.116066
v 0.318359 1.071300 -2.051145
v 0.363259 1.253600 -2.051126
v 0.162659 1.432900 -2.050011
v 0.564359 1.432900 -2.049842
v 0.163587 1.988800 -2.116210
v 0.163566 1.988800 -2.067610
v 0.549189 2.352400 -2.359448
v 0.549189 2.170300 -2.359448
v 0.554609 1.801400 -2.408646
v 0.554589 1.801400 -2.359446
v 0.557675 0.891600 -2.088945
v 0.557698 0.708800 -2.142545
v 0.557697 0.709500 -2.142045
v 0.557720 0.891600 -2.195545
v 0.549086 1.988800 -2.116048
v 0.549086 2.170300 -2.116048
v 0.211409 2.170300 -2.408790
v 0.211409 1.988800 -2.408790
v 0.163809 2.170300 -2.408810
v 0.211409 2.170300 -2.408790
v 0.211409 2.170300 -2.408790
v 0.256310 2.170300 -2.408772
v 0.169132 1.983800 -2.461308
v 0.169132 1.801400 -2.461308
v 0.554507 1.801400 -2.164946
v 0.554486 1.801400 -2.116046
v 0.256310 2.170300 -2.408772
v 0.256332 2.170300 -2.461272
v 0.557772 1.616800 -2.320245
v 0.557795 1.434000 -2.373745
v 0.557697 1.435400 -2.142045
v 0.557720 1.616800 -2.195545
v 0.415059 0.703800 -2.051105
v 0.370759 0.526100 -2.051123
v 0.410259 0.713900 -2.051107
v 0.454459 0.896600 -2.051088
v 0.162837 1.432900 -2.473511
v 0.162659 1.432900 -2.050011
v 0.451489 2.634400 -2.359489
v 0.451509 2.634400 -2.408689
v 0.163566 1.988800 -2.067610
v 0.163566 1.806400 -2.067610
v 0.554631 1.801400 -2.461146
v 0.554609 1.801400 -2.408646
v 0.506566 1.983800 -2.067466
v 0.554466 1.983800 -2.067446
v 0.549086 2.170300 -2.116048
v 0.549107 2.170300 -2.164948
v 0.554589 2.347400 -2.359446
v 0.554589 2.165300 -2.359446
v 0.261689 2.448600 -2.359569
v 0.261689 2.629400 -2.359569
v 0.363259 0.891600 -2.051126
v 0.318459 1.069300 -2.051145
v 0.506689 2.448600 -2.359466
v 0.506689 2.629400 -2.359466
v 0.256310 2.453600 -2.408772
v 0.256310 2.453600 -2.408772
v 0.564359 1.068600 -2.049842
v 0.564536 1.068600 -2.471842
v 0.168987 2.165300 -2.116208
v 0.168987 1.983800 -2.116208
v 0.559158 1.806300 -2.049344
v 0.559335 1.806300 -2.470744
v 0.554486 1.983800 -2.116046
v 0.554466 1.983800 -2.067446
v 0.211409 2.453600 -2.408790
v 0.211389 2.453600 -2.359590
v 0.506689 2.448600 -2.359466
v 0.506709 2.448600 -2.408666
v 0.211287 2.170300 -2.116190
v 0.211287 1.988800 -2.116190
v 0.456931 2.347400 -2.461187
v 0.261732 2.347400 -2.461269
v 0.554507 2.347400 -2.165046
v 0.554589 2.347400 -2.359446
v 0.261709 2.165300 -2.408769
v 0.261709 2.347400 -2.408769
v 0.501207 2.634400 -2.165068
v 0.501207 2.453600 -2.165068
v 0.211432 1.988800 -2.461290
v 0.163831 1.988800 -2.461310
v 0.466359 1.253600 -2.051083
v 0.511159 1.070700 -2.051064
v 0.261689 2.629400 -2.359569
v 0.216789 2.629400 -2.359588
v 0.318759 0.709000 -2.051145
v 0.363259 0.891600 -2.051126
v 0.456807 2.448600 -2.165087
v 0.456807 2.629400 -2.165087
v 0.162659 1.068600 -2.050011
v 0.564359 1.068600 -2.049842
v 0.566236 0.711300 -2.473341
v 0.157537 0.711300 -2.473513
v 0.216687 2.165300 -2.116188
v 0.168987 2.165300 -2.116208
v 0.557794 1.070500 -2.372845
v 0.557817 1.253600 -2.426845
v 0.559335 1.806300 -2.470744
v 0.156435 1.806300 -2.470913
v 0.456889 2.448600 -2.359487
v 0.506689 2.448600 -2.359466
v 0.211389 2.453600 -2.359590
v 0.256289 2.453600 -2.359571
v 0.163789 2.170300 -2.359610
v 0.163789 2.352400 -2.359610
v 0.549231 1.988800 -2.461149
v 0.549231 1.806400 -2.461149
v 0.261732 2.347400 -2.461269
v 0.261732 2.165300 -2.461269
v 0.501207 2.453600 -2.165068
v 0.451407 2.453600 -2.165089
v 0.256332 2.170300 -2.461272
v 0.211432 2.170300 -2.461290
v 0.156435 -0.000000 -2.470913
v 0.156435 1.806300 -2.470913
v 0.456909 2.165300 -2.408687
v 0.456931 2.165300 -2.461187
v 0.216707 2.347400 -2.165188
v 0.169007 2.347400 -2.165208
v 0.555459 1.616800 -2.051046
v 0.510759 1.794500 -2.051064
v 0.506709 2.448600 -2.408666
v 0.456909 2.448600 -2.408687
v 0.274159 0.891600 -2.051164
v 0.318859 0.708800 -2.051145
v 0.456786 2.347400 -2.116087
v 0.456786 2.165300 -2.116087
v 0.157259 0.345100 -2.050013
v 0.564359 0.345100 -2.049842
v 0.318759 1.434300 -2.051145
v 0.363259 1.616800 -2.051126
v 0.557817 1.253600 -2.426845
v 0.557795 1.431300 -2.373345
v 0.168966 1.983800 -2.067608
v 0.168966 1.801400 -2.067608
v 0.256166 1.806400 -2.067571
v 0.211266 1.806400 -2.067590
v 0.506709 2.347400 -2.408666
v 0.506709 2.347400 -2.408666
v 0.506709 2.347400 -2.408666
v 0.506709 2.165300 -2.408666
v 0.549086 1.988800 -2.116048
v 0.549066 1.988800 -2.067448
v 0.456909 2.347400 -2.408687
v 0.456909 2.165300 -2.408687
v 0.163809 2.170300 -2.408810
v 0.163789 2.170300 -2.359610
v 0.510959 1.434600 -2.051064
v 0.555459 1.616800 -2.051046
v 0.318459 1.069300 -2.051145
v 0.274159 0.891600 -2.051164
v 0.564359 0.345100 -2.049842
v 0.564536 0.345100 -2.471842
v 0.156259 1.806300 -2.049513
v 0.559158 1.806300 -2.049344
v 0.168987 1.983800 -2.116208
v 0.168966 1.983800 -2.067608
v 0.557795 1.431300 -2.373345
v 0.557772 1.253600 -2.320245
v 0.506709 2.448600 -2.408666
v 0.506709 2.347400 -2.408666
v 0.557746 1.070100 -2.258445
v 0.557768 1.253600 -2.311245
v 0.501186 1.988800 -2.116068
v 0.549086 1.988800 -2.116048
v 0.261709 2.347400 -2.408769
v 0.456909 2.347400 -2.408687
v 0.211389 2.352400 -2.359590
v 0.163789 2.352400 -2.359610
v 0.549107 1.806400 -2.164948
v 0.549086 1.806400 -2.116048
v 0.211432 2.170300 -2.461290
v 0.211432 1.988800 -2.461290
v 0.261709 2.165300 -2.408769
v 0.261732 2.165300 -2.461269
v 0.451489 2.634400 -2.359489
v 0.451489 2.453600 -2.359489
v 0.169089 2.165300 -2.359608
v 0.216789 2.165300 -2.359588
v 0.559335 1.806300 -2.470744
v 0.559335 -0.000000 -2.470744
v 0.506689 2.347400 -2.359466
v 0.554589 2.347400 -2.359446
v 0.466359 1.616800 -2.051083
v 0.511159 1.434000 -2.051064
v 0.169089 2.165300 -2.359608
v 0.169089 2.347400 -2.359608
v 0.222159 0.709100 -2.051186
v 0.266659 0.891600 -2.051167
v 0.506607 2.448600 -2.165066
v 0.456807 2.448600 -2.165087
v 0.211287 2.170300 -2.116190
v 0.211307 2.170300 -2.165190
v 0.318459 1.794500 -2.051145
v 0.274159 1.616800 -2.051164
v 0.564359 0.711300 -2.049842
v 0.564536 0.711300 -2.471842
v 0.557772 1.253600 -2.320245
v 0.557795 1.070700 -2.373745
v 0.168987 1.801400 -2.116208
v 0.169007 1.801400 -2.165208
v 0.256187 2.170300 -2.116171
v 0.256166 2.170300 -2.067571
v 0.256187 2.352400 -2.116171
v 0.256187 2.170300 -2.116171
v 0.256187 2.170300 -2.116171
v 0.211287 2.170300 -2.116190
v 0.557768 1.253600 -2.311245
v 0.557746 1.431300 -2.257645
v 0.211287 2.352400 -2.116190
v 0.211287 2.352400 -2.116190
v 0.554609 2.165300 -2.408646
v 0.554609 1.983800 -2.408646
v 0.501289 2.634400 -2.359468
v 0.451489 2.634400 -2.359489
v 0.211287 1.988800 -2.116190
v 0.163587 1.988800 -2.116210
v 0.216810 2.448600 -2.408788
v 0.216789 2.448600 -2.359588
v 0.510759 1.794500 -2.051064
v 0.466359 1.616800 -2.051083
v 0.363259 1.616800 -2.051126
v 0.318459 1.794500 -2.051145
v 0.168966 1.801400 -2.067608
v 0.168987 1.801400 -2.116208
v 0.506566 1.983800 -2.067466
v 0.506586 1.983800 -2.116066
v 0.216666 1.801400 -2.067588
v 0.168966 1.801400 -2.067608
v 0.506709 2.165300 -2.408666
v 0.506709 1.983800 -2.408666
v 0.557746 1.431300 -2.257645
v 0.557724 1.253600 -2.204545
v 0.506709 2.165300 -2.408666
v 0.506689 2.165300 -2.359466
v 0.451509 2.634400 -2.408689
v 0.256310 2.634400 -2.408772
v 0.169007 2.165300 -2.165208
v 0.168987 2.165300 -2.116208
v 0.559158 -0.000000 -2.049344
v 0.559158 1.806300 -2.049344
v 0.415059 1.069300 -2.051105
v 0.370759 0.891600 -2.051123
v 0.571537 0.706300 -2.473339
v 0.162837 0.706300 -2.473511
v 0.506689 2.629400 -2.359466
v 0.506607 2.629400 -2.165066
v 0.221859 1.069300 -2.051186
v 0.177559 0.891600 -2.051205
v 0.157537 0.711300 -2.473513
v 0.157259 0.711300 -2.050013
v 0.156435 1.806300 -2.470913
v 0.156259 1.806300 -2.050013
v 0.169089 1.801400 -2.359608
v 0.169109 1.801400 -2.408808
v 0.211266 2.170300 -2.067590
v 0.211287 2.170300 -2.116190
v 0.211307 2.453600 -2.165190
v 0.211287 2.453600 -2.116190
v 0.557724 1.253600 -2.204545
v 0.557746 1.070700 -2.258145
v 0.163809 1.988800 -2.408810
v 0.163831 1.988800 -2.461310
v 0.501186 2.453600 -2.116068
v 0.501207 2.453600 -2.165068
v 0.216666 1.983800 -2.067588
v 0.216666 2.165300 -2.067588
v 0.163707 2.170300 -2.165210
v 0.163587 2.170300 -2.116210
v 0.169089 2.347400 -2.359608
v 0.169007 2.347400 -2.165208
v 0.506607 2.629400 -2.165066
v 0.506607 2.448600 -2.165066
v 0.266659 0.891600 -2.051167
v 0.221859 1.069300 -2.051186
v 0.261689 2.448600 -2.359569
v 0.261709 2.448600 -2.408769
v 0.157259 0.711300 -2.050013
v 0.564359 0.711300 -2.049842
v 0.274159 1.616800 -2.051164
v 0.318859 1.434000 -2.051145
v 0.169007 1.801400 -2.165208
v 0.169089 1.801400 -2.359608
v 0.211266 1.988800 -2.067590
v 0.211266 2.170300 -2.067590
v 0.506689 2.347400 -2.359466
v 0.506607 2.347400 -2.165066
v 0.211287 2.453600 -2.116190
v 0.211287 2.352400 -2.116190
v 0.506731 1.983800 -2.461166
v 0.506731 2.165300 -2.461166
v 0.554609 1.983800 -2.408646
v 0.554631 1.983800 -2.461146
v 0.256310 2.634400 -2.408772
v 0.256289 2.634400 -2.359571
v 0.451509 2.170300 -2.408689
v 0.501309 2.170300 -2.408669
v 0.501309 2.170300 -2.408669
v 0.549209 2.170300 -2.408648
v 0.451386 2.453600 -2.116089
v 0.501186 2.453600 -2.116068
v 0.216666 2.165300 -2.067588
v 0.216687 2.165300 -2.116188
v 0.216789 2.448600 -2.359588
v 0.261689 2.448600 -2.359569
v 1.933516 0.695000 -1.947067
v 1.933516 0.721600 -1.947067
v 2.202139 1.334300 -2.329942
v 2.202527 1.323500 -2.300742
v 2.145043 1.986300 -2.013078
v 2.144367 1.986300 -2.069078
v 2.191979 1.986300 -2.334759
v 2.194379 1.914300 -2.334758
v 2.061017 0.721600 -1.948813
v 2.060416 0.694600 -1.948814
v 2.204370 0.367200 -2.167242
v 2.204758 0.356500 -2.138041
v 2.202819 1.301700 -2.281642
v 2.202526 1.301700 -2.299042
v 1.892015 0.527800 -1.945685
v 2.209917 0.527800 -1.950051
v 2.191117 0.683300 -1.950559
v 2.191117 0.561100 -1.950559
v 1.933516 1.301700 -1.947067
v 1.945816 1.301700 -1.947262
v 2.209917 1.500200 -1.950051
v 2.203225 1.500200 -2.444254
v 2.082817 0.877100 -1.949105
v 2.082817 0.754900 -1.949105
v 2.202139 0.561100 -2.329942
v 2.202527 0.550400 -2.300742
v 2.048616 1.301700 -1.948619
v 2.061017 1.301700 -1.948813
v 2.208326 1.689500 -2.446952
v 1.885324 1.689500 -2.442587
v 1.967616 1.072800 -1.947553
v 1.967616 0.950600 -1.947553
v 1.879924 1.694500 -2.442490
v 1.886615 1.694500 -1.945687
v 2.191117 1.072800 -1.950559
v 2.191117 0.950600 -1.950559
v 2.202139 0.754900 -2.329942
v 2.202527 0.744100 -2.300742
v 2.190619 1.820500 -2.431859
v 2.139419 1.820500 -2.431181
v 1.946421 1.919300 -1.959862
v 1.899421 1.919300 -1.959181
v 2.082817 1.650700 -1.949104
v 2.082817 1.528500 -1.949104
v 2.204370 0.950600 -2.167242
v 2.204758 0.939800 -2.138041
v 2.185898 1.919300 -2.381961
v 2.185219 1.919300 -2.431761
v 1.904142 1.820500 -2.009779
v 1.904821 1.820500 -1.959279
v 1.967616 1.528500 -1.947553
v 1.947016 1.517800 -1.947261
v 2.087298 1.986300 -2.380603
v 2.086619 1.986300 -2.430403
v 1.894377 1.825500 -2.330783
v 1.897966 1.825500 -2.065682
v 2.197524 -0.000000 -2.443756
v 2.197524 1.843200 -2.443756
v 2.202527 1.323500 -2.300742
v 2.202527 1.323500 -2.300742
v 2.048616 0.721600 -1.948619
v 2.061017 0.721600 -1.948813
v 2.202819 1.275000 -2.281642
v 2.202819 1.301700 -2.281642
v 2.204758 0.356500 -2.138041
v 2.204758 0.356500 -2.138041
v 2.209917 0.527800 -1.950051
v 2.203225 0.527800 -2.444254
v 2.168717 0.694600 -1.950268
v 2.191117 0.683300 -1.950559
v 1.933516 1.275000 -1.947067
v 1.933516 1.301700 -1.947067
v 2.060416 0.888400 -1.948814
v 2.082817 0.877100 -1.949105
v 2.048616 1.275000 -1.948619
v 2.048616 1.301700 -1.948619
v 2.202527 0.550400 -2.300742
v 2.202527 0.550400 -2.300742
v 1.885324 1.689500 -2.442587
v 1.892015 1.689500 -1.945684
v 1.886615 1.694500 -1.945687
v 2.209917 1.694500 -1.950051
v 2.168717 1.084100 -1.950268
v 2.191117 1.072800 -1.950559
v 2.191298 1.820500 -2.382059
v 2.190619 1.820500 -2.431859
v 2.202527 0.744100 -2.300742
v 2.202527 0.744100 -2.300742
v 2.002643 1.919300 -2.011138
v 2.003321 1.919300 -1.960638
v 2.060416 1.662000 -1.948814
v 2.082817 1.650700 -1.949104
v 1.947016 1.517800 -1.947261
v 1.947016 1.517800 -1.947261
v 2.087298 1.914300 -2.380603
v 2.087298 1.986300 -2.380603
v 1.893797 1.825500 -2.377984
v 1.894377 1.825500 -2.330783
v 2.202526 1.323300 -2.300042
v 2.202526 1.323300 -2.300042
v 2.048616 0.695000 -1.948619
v 2.048616 0.721600 -1.948619
v 2.208326 0.527800 -2.446952
v 1.885324 0.527800 -2.442587
v 2.202526 1.274700 -2.298242
v 2.202139 1.263400 -2.329942
v 1.879924 1.500200 -2.442490
v 1.886615 1.500200 -1.945687
v 1.945316 1.274700 -1.947262
v 1.967616 1.263400 -1.947553
v 1.884122 -0.000000 -2.439488
v 1.890715 -0.000000 -1.945585
v 2.202526 0.550200 -2.300042
v 2.202526 0.550200 -2.300042
v 2.060416 1.274700 -1.948814
v 2.082817 1.263400 -1.949104
v 1.945816 1.111100 -1.947262
v 1.945316 1.084100 -1.947262
v 1.904821 1.820500 -1.959279
v 1.951821 1.820500 -1.959959
v 2.202526 0.743900 -2.300042
v 2.202526 0.743900 -2.300042
v 2.086619 1.820500 -2.430403
v 2.002318 1.820500 -2.429338
v 2.135378 1.991300 -2.333982
v 2.186579 1.991300 -2.334661
v 2.204758 0.939600 -2.137341
v 2.204758 0.939600 -2.137341
v 1.899097 1.820500 -2.378082
v 1.899777 1.820500 -2.330781
v 1.945316 1.662000 -1.947262
v 1.967616 1.650700 -1.947553
v 2.008721 1.985100 -1.960235
v 2.092922 1.985100 -1.961300
v 1.893118 1.825500 -2.427784
v 1.893797 1.825500 -2.377984
v 2.204216 -0.000000 -1.948953
v 2.204216 1.843200 -1.948953
v 2.202526 1.323300 -2.299942
v 2.202526 1.323300 -2.299942
v 2.026816 0.683300 -1.948328
v 2.048616 0.695000 -1.948619
v 1.885324 0.527800 -2.442587
v 1.892015 0.527800 -1.945685
v 2.204758 0.356300 -2.137241
v 2.204758 0.356300 -2.137241
v 2.157017 0.721600 -1.950073
v 2.169317 0.721600 -1.950268
v 1.886615 1.500200 -1.945687
v 2.209917 1.500200 -1.950051
v 1.945816 1.301700 -1.947262
v 1.945316 1.274700 -1.947262
v 2.048616 0.915400 -1.948619
v 2.061017 0.915400 -1.948813
v 2.061017 1.301700 -1.948813
v 2.060416 1.274700 -1.948814
v 2.202526 0.550200 -2.299942
v 2.202526 0.550200 -2.299942
v 1.933516 1.111100 -1.947067
v 1.945816 1.111100 -1.947262
v 2.202926 1.694500 -2.446854
v 1.879924 1.694500 -2.442490
v 1.904821 1.914300 -1.959279
v 1.904821 1.820500 -1.959279
v 2.157017 1.111100 -1.950073
v 2.169317 1.111100 -1.950268
v 1.945742 1.919300 -2.010362
v 2.002643 1.919300 -2.011138
v 2.202526 0.743900 -2.299942
v 2.202526 0.743900 -2.299942
v 2.048616 1.689000 -1.948619
v 2.061017 1.689000 -1.948813
v 1.898418 1.820500 -2.427882
v 1.899097 1.820500 -2.378082
v 2.204758 0.939600 -2.137241
v 2.204758 0.939600 -2.137241
v 1.967616 1.650700 -1.947553
v 1.967616 1.528500 -1.947553
v 1.946516 0.356300 -1.947262
v 1.946516 0.356300 -1.947262
v 2.204950 0.527700 -2.119041
v 2.204758 0.527700 -2.136441
v 2.202818 1.130600 -2.280842
v 2.203206 1.141500 -2.250842
v 2.209917 0.333900 -1.950051
v 2.203225 0.333900 -2.444254
v 2.062116 0.550400 -1.948813
v 2.062116 0.550400 -1.948813
v 1.932916 1.130600 -1.947067
v 1.911716 1.141500 -1.946776
v 2.169917 0.550200 -1.950268
v 2.169917 0.550200 -1.950268
v 2.202819 0.721600 -2.281642
v 2.202526 0.721600 -2.299042
v 2.048116 1.130600 -1.948619
v 2.026816 1.141500 -1.948328
v 2.209616 -0.000000 -1.948951
v 2.202924 -0.000000 -2.443754
v 2.061517 0.743900 -1.948813
v 2.061517 0.743900 -1.948813
v 1.951142 1.914300 -2.010360
v 1.950366 1.914300 -2.066460
v 2.197524 -0.000000 -2.443756
v 1.878722 -0.000000 -2.439390
v 1.946416 0.939600 -1.947262
v 1.946416 0.939600 -1.947262
v 2.202819 0.915400 -2.281642
v 2.202526 0.915400 -2.299042
v 2.198644 1.820500 -2.013756
v 2.197867 1.820500 -2.069756
v 2.139743 1.991300 -2.012980
v 2.139743 1.919300 -2.012980
v 2.204950 1.111100 -2.119041
v 2.204758 1.111100 -2.136441
v 1.946777 1.986300 -2.331461
v 1.946777 1.914300 -2.331461
v 2.188979 1.919300 -2.334760
v 2.135378 1.919300 -2.333982
v 2.186579 1.991300 -2.334661
v 2.188979 1.919300 -2.334760
v 2.188979 1.919300 -2.334760
v 2.185898 1.919300 -2.381961
v 2.061517 1.517600 -1.948813
v 2.061517 1.517600 -1.948813
v 2.086619 1.986300 -2.430403
v 2.002318 1.986300 -2.429338
v 1.946416 1.517600 -1.947262
v 1.946116 1.496500 -1.947262
v 1.890815 -0.000000 -1.944685
v 1.890815 1.838200 -1.944685
v 1.946416 0.356300 -1.947262
v 1.946416 0.356300 -1.947262
v 1.940797 1.991300 -2.378664
v 1.941377 1.991300 -2.331364
v 2.202818 1.108300 -2.280842
v 2.202818 1.130600 -2.280842
v 2.082817 0.561100 -1.949105
v 2.062116 0.550400 -1.948813
v 1.932916 1.108300 -1.947067
v 1.932916 1.130600 -1.947067
v 2.202926 1.500200 -2.446854
v 1.879924 1.500200 -2.442490
v 2.170017 0.550200 -1.950268
v 2.170017 0.550200 -1.950268
v 2.048116 1.108300 -1.948619
v 2.048116 1.130600 -1.948619
v 2.202924 -0.000000 -2.443754
v 1.884122 -0.000000 -2.439488
v 1.951142 1.986300 -2.010360
v 1.951142 1.914300 -2.010360
v 1.946516 0.939600 -1.947262
v 1.946516 0.939600 -1.947262
v 2.199323 1.820500 -1.963255
v 2.198644 1.820500 -2.013756
v 1.899777 1.986300 -2.330781
v 1.946777 1.986300 -2.331461
v 2.204758 1.111100 -2.136441
v 2.204757 1.084100 -2.135641
v 2.135378 1.919300 -2.333982
v 2.135378 1.991300 -2.333982
v 2.202526 1.467800 -2.298242
v 2.202139 1.456500 -2.329942
v 1.885324 0.333900 -2.442587
v 1.892015 0.333900 -1.945685
v 2.204757 0.500700 -2.135641
v 2.204370 0.489400 -2.167242
v 2.203206 1.263400 -2.250842
v 2.202819 1.275000 -2.281642
v 2.082817 0.683300 -1.949105
v 2.082817 0.561100 -1.949105
v 1.892015 0.917300 -1.945685
v 2.209917 0.917300 -1.950051
v 1.911716 1.263400 -1.946776
v 1.933516 1.275000 -1.947067
v 2.170417 0.550400 -1.950268
v 2.170417 0.550400 -1.950268
v 2.202526 0.694600 -2.298242
v 2.202139 0.683300 -2.329942
v 2.026816 1.263400 -1.948328
v 2.048616 1.275000 -1.948619
v 2.062116 0.744100 -1.948813
v 2.062116 0.744100 -1.948813
v 1.886214 -0.000000 -1.944587
v 2.204216 -0.000000 -1.948953
v 1.903366 1.986300 -2.065779
v 1.903366 1.914300 -2.065779
v 1.947016 0.939800 -1.947261
v 1.947016 0.939800 -1.947261
v 2.087522 1.990100 -1.961302
v 2.086843 1.991300 -2.012203
v 2.202526 0.888400 -2.298242
v 2.202139 0.877100 -2.329942
v 2.194379 1.820500 -2.334758
v 2.191298 1.820500 -2.382059
v 2.170417 0.939800 -1.950268
v 2.170417 0.939800 -1.950268
v 2.204757 1.084100 -2.135641
v 2.204370 1.072800 -2.167242
v 1.899777 1.914300 -2.330781
v 1.899097 1.914300 -2.378082
v 2.062116 1.517800 -1.948813
v 2.062116 1.517800 -1.948813
v 1.946516 1.517600 -1.947261
v 1.946516 1.517600 -1.947261
v 1.947016 0.356500 -1.947261
v 1.947016 0.356500 -1.947261
v 1.878722 -0.000000 -2.439390
v 1.878722 1.843200 -2.439390
v 2.202139 1.456500 -2.329942
v 2.202139 1.334300 -2.329942
v 1.892015 0.333900 -1.945685
v 2.209917 0.333900 -1.950051
v 2.203206 1.141500 -2.250842
v 2.203206 1.263400 -2.250842
v 2.204370 0.489400 -2.167242
v 2.204370 0.367200 -2.167242
v 2.060416 0.694600 -1.948814
v 2.082817 0.683300 -1.949105
v 2.209917 0.917300 -1.950051
v 2.203225 0.917300 -2.444254
v 1.911716 1.141500 -1.946776
v 1.911716 1.263400 -1.946776
v 2.191117 0.561100 -1.950559
v 2.170417 0.550400 -1.950268
v 1.891515 -0.000000 -1.944685
v 2.209616 -0.000000 -1.948951
v 2.026816 1.141500 -1.948328
v 2.026816 1.263400 -1.948328
v 2.202139 0.683300 -2.329942
v 2.202139 0.561100 -2.329942
v 2.082817 0.754900 -1.949105
v 2.062116 0.744100 -1.948813
v 2.204216 -0.000000 -1.948953
v 2.197524 -0.000000 -2.443756
v 1.967616 0.950600 -1.947553
v 1.947016 0.939800 -1.947261
v 1.947016 1.130400 -1.947261
v 1.947016 1.130400 -1.947261
v 2.086843 1.991300 -2.012203
v 2.139743 1.991300 -2.012980
v 2.197867 1.820500 -2.069756
v 2.194379 1.820500 -2.334758
v 2.202139 0.877100 -2.329942
v 2.202139 0.754900 -2.329942
v 2.191117 0.950600 -1.950559
v 2.170417 0.939800 -1.950268
v 1.946777 1.914300 -2.331461
v 1.899777 1.914300 -2.330781
v 2.204370 1.072800 -2.167242
v 2.204370 0.950600 -2.167242
v 2.082817 1.528500 -1.949104
v 2.062116 1.517800 -1.948813
v 2.185219 1.919300 -2.431761
v 2.185219 1.825500 -2.431761
v 2.086619 1.914300 -2.430403
v 2.086619 1.986300 -2.430403
v 1.946416 1.517600 -1.947262
v 1.946416 1.517600 -1.947262
v 1.941377 1.991300 -2.331364
v 1.941377 1.919300 -2.331364
v 2.202818 1.323700 -2.280842
v 2.203206 1.334700 -2.250842
v 1.946416 1.323300 -1.947262
v 1.946416 1.323300 -1.947262
v 1.945316 0.500700 -1.947262
v 1.967616 0.489400 -1.947553
v 2.204950 0.356600 -2.118241
v 2.205437 0.367600 -2.088241
v 2.156417 0.528300 -1.950073
v 2.156417 0.550500 -1.950073
v 2.208326 0.917300 -2.446952
v 1.885324 0.917300 -2.442587
v 2.048116 0.722000 -1.948619
v 2.048116 0.744300 -1.948619
v 2.202818 0.550500 -2.280842
v 2.203206 0.561500 -2.250842
v 1.886615 0.922300 -1.945687
v 2.209917 0.922300 -1.950051
v 1.932916 0.917700 -1.947067
v 1.932916 0.940000 -1.947067
v 2.209917 1.107900 -1.950051
v 2.203225 1.107900 -2.444254
v 2.156417 0.917700 -1.950073
v 2.156417 0.940000 -1.950073
v 2.202818 0.744300 -2.280842
v 2.203206 0.755200 -2.250842
v 2.144367 1.986300 -2.069078
v 2.144367 1.914300 -2.069078
v 2.140422 1.919300 -1.962480
v 2.087522 1.919300 -1.961702
v 1.996918 1.991300 -2.429240
v 1.997597 1.991300 -2.379440
v 1.932916 1.517900 -1.947067
v 1.911716 1.528900 -1.946776
v 1.894377 1.991300 -2.330783
v 1.941377 1.991300 -2.331364
v 1.946516 1.323300 -1.947262
v 1.946516 1.323300 -1.947262
v 2.203206 1.334700 -2.250842
v 2.203206 1.456500 -2.250842
v 1.967616 0.489400 -1.947553
v 1.967616 0.367200 -1.947553
v 2.134698 1.991300 -2.381283
v 2.081898 1.991300 -2.380605
v 2.204758 1.130200 -2.137241
v 2.204758 1.130200 -2.137241
v 2.205437 0.367600 -2.088241
v 2.205437 0.489400 -2.088241
v 2.208326 0.333900 -2.446952
v 1.885324 0.333900 -2.442587
v 2.169317 0.528300 -1.950268
v 2.156417 0.528300 -1.950073
v 1.885324 0.917300 -2.442587
v 1.892015 0.917300 -1.945685
v 2.061017 0.722000 -1.948813
v 2.048116 0.722000 -1.948619
v 2.061517 1.323300 -1.948813
v 2.061517 1.323300 -1.948813
v 2.203206 0.561500 -2.250842
v 2.203206 0.683300 -2.250842
v 2.209917 0.922300 -1.950051
v 2.203225 0.922300 -2.444254
v 1.945816 0.917700 -1.947262
v 1.932916 0.917700 -1.947067
v 2.169917 1.130200 -1.950268
v 2.169917 1.130200 -1.950268
v 2.204950 1.084400 -2.119041
v 2.204950 1.111100 -2.119041
v 2.195567 1.986300 -2.069757
v 2.144367 1.986300 -2.069078
v 2.087522 1.919300 -1.961702
v 2.087522 1.990100 -1.961302
v 2.061017 1.495700 -1.948813
v 2.048116 1.495700 -1.948619
v 2.086619 1.914300 -2.430403
v 2.139419 1.914300 -2.431181
v 1.997597 1.991300 -2.379440
v 1.997597 1.919300 -2.379440
v 1.911716 1.528900 -1.946776
v 1.911716 1.650700 -1.946776
v 1.946197 1.986300 -2.378762
v 1.946777 1.986300 -2.331461
v 1.933516 0.527700 -1.947067
v 1.945816 0.527700 -1.947262
v 1.893797 1.919300 -2.377984
v 1.893118 1.919300 -2.427784
v 2.203206 1.456500 -2.250842
v 2.202819 1.468200 -2.281642
v 2.048116 1.495700 -1.948619
v 2.048116 1.517900 -1.948619
v 2.204950 0.940000 -2.118241
v 2.205437 0.950900 -2.088241
v 1.892015 1.301000 -1.945685
v 2.209917 1.301000 -1.950051
v 2.205437 0.489400 -2.088241
v 2.204950 0.501100 -2.119041
v 2.202526 1.108300 -2.299042
v 2.202818 1.108300 -2.280842
v 2.209917 0.721600 -1.950051
v 2.203225 0.721600 -2.444254
v 1.945816 1.108300 -1.947262
v 1.932916 1.108300 -1.947067
v 2.202926 0.922300 -2.446854
v 1.879924 0.922300 -2.442490
v 2.203206 0.683300 -2.250842
v 2.202819 0.695000 -2.281642
v 2.061017 1.108300 -1.948813
v 2.048116 1.108300 -1.948619
v 1.885324 1.107900 -2.442587
v 1.892015 1.107900 -1.945685
v 1.950366 1.986300 -2.066460
v 1.951142 1.986300 -2.010360
v 1.950366 1.914300 -2.066460
v 1.950366 1.986300 -2.066460
v 1.950366 1.986300 -2.066460
v 1.903366 1.986300 -2.065779
v 2.194022 1.825500 -1.963157
v 2.194022 1.919300 -1.963157
v 2.203206 0.877100 -2.250842
v 2.202819 0.888800 -2.281642
v 1.940118 1.919300 -2.428464
v 1.996918 1.919300 -2.429240
v 2.205437 1.072800 -2.088241
v 2.204950 1.084400 -2.119041
v 1.899097 1.914300 -2.378082
v 1.898418 1.914300 -2.427882
v 1.945816 1.495700 -1.947262
v 1.932916 1.495700 -1.947067
v 1.946197 1.986300 -2.378762
v 1.946197 1.914300 -2.378762
v 1.945816 0.527700 -1.947262
v 1.945316 0.500700 -1.947262
v 1.946416 1.323300 -1.947262
v 1.946116 1.302300 -1.947262
v 2.202819 1.468200 -2.281642
v 2.202819 1.494800 -2.281642
v 2.209917 1.301000 -1.950051
v 2.203225 1.301000 -2.444254
v 2.204950 0.501100 -2.119041
v 2.204950 0.527700 -2.119041
v 1.894377 1.991300 -2.330783
v 1.894377 1.919300 -2.330783
v 1.879924 0.922300 -2.442490
v 1.886615 0.922300 -1.945687
v 2.202819 0.695000 -2.281642
v 2.202819 0.721600 -2.281642
v 1.892015 1.107900 -1.945685
v 2.209917 1.107900 -1.950051
v 2.061517 0.939600 -1.948813
v 2.061217 0.918500 -1.948813
v 2.202819 0.888800 -2.281642
v 2.202819 0.915400 -2.281642
v 1.996918 1.919300 -2.429240
v 1.996918 1.991300 -2.429240
v 1.903366 1.986300 -2.065779
v 1.899777 1.986300 -2.330781
v 2.048616 1.084400 -1.948619
v 2.048616 1.111100 -1.948619
v 2.202526 1.517600 -2.299842
v 2.202526 1.496500 -2.299442
v 1.932916 1.495700 -1.947067
v 1.932916 1.517900 -1.947067
v 2.204758 0.356300 -2.137341
v 2.204758 0.356300 -2.137341
v 1.967616 1.456500 -1.947553
v 1.967616 1.334300 -1.947553
v 1.911716 0.489400 -1.946776
v 1.933516 0.501100 -1.947067
v 2.061017 1.689000 -1.948813
v 2.060416 1.662000 -1.948814
v 1.898742 1.825500 -2.009682
v 1.899421 1.825500 -1.959181
v 2.204370 1.141100 -2.167242
v 2.204758 1.130400 -2.138041
v 2.208326 1.301000 -2.446952
v 1.885324 1.301000 -2.442587
v 2.026816 0.561500 -1.948328
v 2.026816 0.683300 -1.948328
v 1.885324 0.721600 -2.442587
v 1.892015 0.721600 -1.945685
v 2.082817 1.334300 -1.949104
v 2.062116 1.323500 -1.948813
v 2.209917 0.726600 -1.950051
v 2.203225 0.726600 -2.444254
v 2.048616 0.888800 -1.948619
v 2.048616 0.915400 -1.948619
v 2.191117 1.141100 -1.950559
v 2.170417 1.130400 -1.950268
v 1.933516 1.084400 -1.947067
v 1.933516 1.111100 -1.947067
v 2.087522 1.825500 -1.961702
v 2.140422 1.825500 -1.962480
v 2.157017 1.084400 -1.950073
v 2.157017 1.111100 -1.950073
v 1.893118 1.825500 -2.427784
v 1.893118 1.919300 -2.427784
v 2.139419 1.914300 -2.431181
v 2.190619 1.914300 -2.431859
v 2.048616 1.662400 -1.948619
v 2.048616 1.689000 -1.948619
v 2.202526 0.939600 -2.299842
v 2.202526 0.918500 -2.299442
v 2.169917 1.323300 -1.950268
v 2.169617 1.302300 -1.950268
v 1.933516 1.689000 -1.947067
v 1.945816 1.689000 -1.947262
v 1.945316 1.467800 -1.947262
v 1.967616 1.456500 -1.947553
v 1.933516 0.501100 -1.947067
v 1.933516 0.527700 -1.947067
v 2.204370 1.263400 -2.167242
v 2.204370 1.141100 -2.167242
v 1.885324 1.301000 -2.442587
v 1.892015 1.301000 -1.945685
v 2.048116 0.550500 -1.948619
v 2.026816 0.561500 -1.948328
v 1.892015 0.721600 -1.945685
v 2.209917 0.721600 -1.950051
v 2.135117 0.683300 -1.949783
v 2.157017 0.695000 -1.950073
v 1.904142 1.914300 -2.009779
v 1.904821 1.914300 -1.959279
v 2.082817 1.456500 -1.949104
v 2.082817 1.334300 -1.949104
v 2.169317 0.917700 -1.950268
v 2.156417 0.917700 -1.950073
v 2.191117 1.263400 -1.950559
v 2.191117 1.141100 -1.950559
v 2.208326 1.107900 -2.446952
v 1.885324 1.107900 -2.442587
v 1.911716 1.072800 -1.946776
v 1.933516 1.084400 -1.947067
v 2.008722 1.914300 -1.960635
v 1.951821 1.914300 -1.959959
v 2.140422 1.825500 -1.962480
v 2.194022 1.825500 -1.963157
v 2.135117 1.072800 -1.949782
v 2.157017 1.084400 -1.950073
v 2.140778 1.914300 -2.334080
v 2.140098 1.914300 -2.381380
v 1.893118 1.919300 -2.427784
v 1.940118 1.919300 -2.428464
v 2.026816 1.650700 -1.948328
v 2.048616 1.662400 -1.948619
v 2.169917 1.323300 -1.950268
v 2.169917 1.323300 -1.950268
v 1.945816 1.689000 -1.947262
v 1.945316 1.662000 -1.947262
v 1.932916 0.356600 -1.947067
v 1.911716 0.367600 -1.946776
v 2.202526 1.301500 -2.299042
v 2.202818 1.301500 -2.280842
v 1.947016 1.323500 -1.947261
v 1.947016 1.323500 -1.947261
v 1.894377 1.919300 -2.330783
v 1.893797 1.919300 -2.377984
v 2.209917 1.495200 -1.950051
v 2.203225 1.495200 -2.444254
v 2.204758 0.334400 -2.136441
v 2.204950 0.334400 -2.118241
v 2.204758 1.130200 -2.137341
v 2.204758 1.130200 -2.137341
v 2.048116 0.528300 -1.948619
v 2.048116 0.550500 -1.948619
v 2.135117 0.561500 -1.949783
v 2.135117 0.683300 -1.949783
v 1.967616 0.367200 -1.947553
v 1.947016 0.356500 -1.947261
v 1.879924 0.726600 -2.442490
v 1.886615 0.726600 -1.945687
v 2.202526 0.528300 -2.299042
v 2.202818 0.528300 -2.280842
v 2.061616 1.323300 -1.948813
v 2.061616 1.323300 -1.948813
v 2.026816 0.755200 -1.948328
v 2.026816 0.877100 -1.948328
v 2.169917 0.356300 -1.950268
v 2.169917 0.356300 -1.950268
v 2.170017 1.130200 -1.950268
v 2.170017 1.130200 -1.950268
v 1.911716 0.950900 -1.946776
v 1.911716 1.072800 -1.946776
v 1.946421 1.825500 -1.959862
v 2.003321 1.825500 -1.960638
v 2.202526 0.722000 -2.299042
v 2.202818 0.722000 -2.280842
v 2.197867 1.914300 -2.069756
v 2.195567 1.986300 -2.069757
v 2.135117 0.950900 -1.949782
v 2.135117 1.072800 -1.949782
v 2.197867 1.914300 -2.069756
v 2.198644 1.914300 -2.013756
v 1.996918 1.825500 -2.429240
v 1.940118 1.825500 -2.428464
v 2.204758 0.917700 -2.136441
v 2.204950 0.917700 -2.118241
v 2.087298 1.914300 -2.380603
v 2.086619 1.914300 -2.430403
v 2.026816 1.528900 -1.948328
v 2.026816 1.650700 -1.948328
v 1.911716 1.650700 -1.946776
v 1.933516 1.662400 -1.947067
v 1.911716 0.367600 -1.946776
v 1.911716 0.489400 -1.946776
v 1.967616 1.334300 -1.947553
v 1.947016 1.323500 -1.947261
v 2.202818 1.301500 -2.280842
v 2.202818 1.323700 -2.280842
v 1.941377 1.919300 -2.331364
v 1.894377 1.919300 -2.330783
v 2.204758 0.939800 -2.138041
v 2.204758 0.939800 -2.138041
v 2.204758 1.130400 -2.138041
v 2.204758 1.130400 -2.138041
v 2.204950 0.334400 -2.118241
v 2.204950 0.356600 -2.118241
v 2.061017 0.528300 -1.948813
v 2.048116 0.528300 -1.948619
v 2.208326 0.721600 -2.446952
v 1.885324 0.721600 -2.442587
v 2.156417 0.550500 -1.950073
v 2.135117 0.561500 -1.949783
v 1.886615 0.726600 -1.945687
v 2.209917 0.726600 -1.950051
v 1.897966 1.991300 -2.065682
v 1.894377 1.991300 -2.330783
v 2.202818 0.528300 -2.280842
v 2.202818 0.550500 -2.280842
v 2.048116 0.744300 -1.948619
v 2.026816 0.755200 -1.948328
v 2.170417 1.130400 -1.950268
v 2.170417 1.130400 -1.950268
v 1.932916 0.940000 -1.947067
v 1.911716 0.950900 -1.946776
v 2.194022 1.919300 -1.963157
v 2.140422 1.919300 -1.962480
v 2.003321 1.825500 -1.960638
v 2.087522 1.825500 -1.961702
v 2.202818 0.722000 -2.280842
v 2.202818 0.744300 -2.280842
v 2.156417 0.940000 -1.950073
v 2.135117 0.950900 -1.949782
v 2.198644 1.914300 -2.013756
v 2.199323 1.914300 -1.963255
v 1.940118 1.825500 -2.428464
v 1.893118 1.825500 -2.427784
v 2.140098 1.914300 -2.381380
v 2.087298 1.914300 -2.380603
v 2.204950 0.917700 -2.118241
v 2.204950 0.940000 -2.118241
v 2.048116 1.517900 -1.948619
v 2.026816 1.528900 -1.948328
v 1.933516 1.662400 -1.947067
v 1.933516 1.689000 -1.947067
v 2.204950 1.301700 -2.119041
v 2.204758 1.301700 -2.136441
v 1.885324 1.495200 -2.442587
v 1.892015 1.495200 -1.945684
v 2.202139 0.367200 -2.329942
v 2.202527 0.356500 -2.300742
v 2.061517 0.356300 -1.948813
v 2.061517 0.356300 -1.948813
v 1.967616 0.877100 -1.947553
v 1.967616 0.754900 -1.947553
v 2.204370 0.561100 -2.167242
v 2.204758 0.550400 -2.138041
v 2.048616 1.494800 -1.948619
v 2.061017 1.494800 -1.948813
v 2.191117 0.877100 -1.950559
v 2.191117 0.754900 -1.950559
v 2.191117 1.528500 -1.950559
v 2.170417 1.517800 -1.950268
v 2.157017 1.301700 -1.950073
v 2.169317 1.301700 -1.950268
v 2.170417 0.356500 -1.950268
v 2.170417 0.356500 -1.950268
v 2.082817 1.072800 -1.949105
v 2.082817 0.950600 -1.949105
v 2.204370 0.754900 -2.167242
v 2.204758 0.744100 -2.138041
v 1.899421 1.919300 -1.959181
v 1.899421 1.825500 -1.959181
v 2.204370 1.650700 -2.167241
v 2.204370 1.528500 -2.167241
v 2.134019 1.825500 -2.431083
v 2.081219 1.825500 -2.430405
v 2.202139 1.650700 -2.329942
v 2.202139 1.528500 -2.329942
v 2.202139 0.950600 -2.329942
v 2.202527 0.939800 -2.300742
v 2.191117 1.334300 -1.950559
v 2.170417 1.323500 -1.950268
v 1.967616 0.561100 -1.947553
v 1.947016 0.550400 -1.947261
v 2.204370 1.456500 -2.167241
v 2.204370 1.334300 -2.167241
v 1.911716 1.456500 -1.946776
v 1.933516 1.468200 -1.947067
v 1.932916 0.334400 -1.947067
v 1.932916 0.356600 -1.947067
v 2.003321 1.919300 -1.960638
v 2.003321 1.990100 -1.960138
v 2.204950 1.275000 -2.119041
v 2.204950 1.301700 -2.119041
v 1.892015 1.495200 -1.945684
v 2.209917 1.495200 -1.950051
v 1.941377 1.919300 -2.331364
v 1.940797 1.919300 -2.378664
v 2.202527 0.356500 -2.300742
v 2.202527 0.356500 -2.300742
v 1.997597 1.919300 -2.379440
v 1.996918 1.919300 -2.429240
v 1.945316 0.888400 -1.947262
v 1.967616 0.877100 -1.947553
v 2.048616 1.468200 -1.948619
v 2.048616 1.494800 -1.948619
v 2.204758 0.550400 -2.138041
v 2.204758 0.550400 -2.138041
v 2.202926 0.726600 -2.446854
v 1.879924 0.726600 -2.442490
v 2.168717 0.888400 -1.950268
v 2.191117 0.877100 -1.950559
v 2.157017 1.275000 -1.950073
v 2.157017 1.301700 -1.950073
v 2.170417 1.517800 -1.950268
v 2.170417 1.517800 -1.950268
v 2.170017 0.356300 -1.950268
v 2.170017 0.356300 -1.950268
v 2.139743 1.919300 -2.012980
v 2.086843 1.919300 -2.012203
v 2.204758 0.744100 -2.138041
v 2.204758 0.744100 -2.138041
v 1.899421 1.825500 -1.959181
v 1.946421 1.825500 -1.959862
v 2.140778 1.986300 -2.334080
v 2.191979 1.986300 -2.334759
v 2.081219 1.825500 -2.430405
v 1.996918 1.825500 -2.429240
v 2.202526 1.662000 -2.298242
v 2.202139 1.650700 -2.329942
v 2.191117 1.456500 -1.950559
v 2.191117 1.334300 -1.950559
v 2.202527 0.939800 -2.300742
v 2.202527 0.939800 -2.300742
v 2.204757 1.467800 -2.135641
v 2.204370 1.456500 -2.167241
v 1.947016 0.550400 -1.947261
v 1.947016 0.550400 -1.947261
v 2.144367 1.914300 -2.069078
v 2.145043 1.914300 -2.013078
v 1.933516 1.468200 -1.947067
v 1.933516 1.494800 -1.947067
v 2.003321 1.990100 -1.960138
v 2.087522 1.990100 -1.961302
v 2.204757 1.274700 -2.135641
v 2.204370 1.263400 -2.167242
v 2.062116 0.356500 -1.948813
v 2.062116 0.356500 -1.948813
v 2.202526 0.356300 -2.300042
v 2.202526 0.356300 -2.300042
v 1.886615 0.532800 -1.945687
v 2.209917 0.532800 -1.950051
v 2.204758 0.550200 -2.137341
v 2.204758 0.550200 -2.137341
v 2.060416 1.467800 -1.948814
v 2.082817 1.456500 -1.949104
v 2.191117 0.489400 -1.950559
v 2.191117 0.367200 -1.950559
v 2.170017 1.517600 -1.950268
v 2.170017 1.517600 -1.950268
v 2.168717 1.274700 -1.950268
v 2.191117 1.263400 -1.950559
v 2.061017 1.111100 -1.948813
v 2.060416 1.084100 -1.948814
v 1.897966 1.919300 -2.065682
v 1.898742 1.919300 -2.009682
v 2.204758 0.743900 -2.137341
v 2.204758 0.743900 -2.137341
v 2.008043 1.914300 -2.011136
v 2.008722 1.914300 -1.960635
v 2.204758 1.689000 -2.136441
v 2.204757 1.662000 -2.135641
v 2.185898 1.825500 -2.381961
v 2.185219 1.825500 -2.431761
v 2.202526 0.939600 -2.300042
v 2.202526 0.939600 -2.300042
v 2.170017 1.323300 -1.950268
v 2.170017 1.323300 -1.950268
v 1.945316 0.694600 -1.947262
v 1.967616 0.683300 -1.947553
v 2.204758 1.494800 -2.136441
v 2.204757 1.467800 -2.135641
v 1.933516 1.494800 -1.947067
v 1.945816 1.494800 -1.947262
v 2.204758 1.323300 -2.137241
v 2.204758 1.323300 -2.137241
v 2.208326 1.495200 -2.446952
v 1.885324 1.495200 -2.442587
v 2.204758 1.301700 -2.136441
v 2.204757 1.274700 -2.135641
v 1.878722 -0.000000 -2.439390
v 1.885415 -0.000000 -1.945487
v 2.139743 1.991300 -2.012980
v 2.138967 1.991300 -2.068981
v 2.061616 0.356300 -1.948813
v 2.061616 0.356300 -1.948813
v 2.202526 0.356300 -2.299942
v 2.202526 0.356300 -2.299942
v 1.933516 0.915400 -1.947067
v 1.945816 0.915400 -1.947262
v 2.209917 0.532800 -1.950051
v 2.203225 0.532800 -2.444254
v 2.061017 1.494800 -1.948813
v 2.060416 1.467800 -1.948814
v 2.204758 0.550200 -2.137241
v 2.204758 0.550200 -2.137241
v 2.157017 0.915400 -1.950073
v 2.169317 0.915400 -1.950268
v 2.191117 0.367200 -1.950559
v 2.170417 0.356500 -1.950268
v 2.169917 1.517600 -1.950268
v 2.169917 1.517600 -1.950268
v 1.898742 1.919300 -2.009682
v 1.899421 1.919300 -1.959181
v 2.204758 0.743900 -2.137241
v 2.204758 0.743900 -2.137241
v 1.951821 1.914300 -1.959959
v 1.904821 1.914300 -1.959279
v 2.204950 1.689000 -2.119041
v 2.204758 1.689000 -2.136441
v 2.185219 1.825500 -2.431761
v 2.134019 1.825500 -2.431083
v 2.191298 1.914300 -2.382059
v 2.190619 1.914300 -2.431859
v 1.903366 1.914300 -2.065779
v 1.904142 1.914300 -2.009779
v 2.202819 1.689000 -2.281642
v 2.202526 1.689000 -2.299042
v 2.170417 1.323500 -1.950268
v 2.170417 1.323500 -1.950268
v 2.202526 0.939600 -2.299942
v 2.202526 0.939600 -2.299942
v 2.204950 1.494800 -2.119041
v 2.204758 1.494800 -2.136441
v 1.967616 0.683300 -1.947553
v 1.967616 0.561100 -1.947553
v 1.945816 0.334400 -1.947262
v 1.932916 0.334400 -1.947067
v 2.204950 1.130600 -2.118241
v 2.205437 1.141500 -2.088241
v 2.197524 1.826200 -2.443756
v 1.878722 1.826200 -2.439390
v 2.086843 1.919300 -2.012203
v 2.087522 1.919300 -1.961702
v 2.202819 0.527700 -2.281642
v 2.202526 0.527700 -2.299042
v 2.082817 0.489400 -1.949105
v 2.082817 0.367200 -1.949105
v 1.946416 0.743900 -1.947262
v 1.946116 0.722800 -1.947262
v 2.202819 1.494800 -2.281642
v 2.202526 1.494800 -2.299042
v 2.204950 0.721600 -2.119041
v 2.204758 0.721600 -2.136441
v 2.048116 1.323700 -1.948619
v 2.026816 1.334700 -1.948328
v 2.202926 0.532800 -2.446854
v 1.879924 0.532800 -2.442490
v 1.946416 0.743900 -1.947262
v 1.946416 0.743900 -1.947262
v 2.157017 1.689000 -1.950073
v 2.169317 1.689000 -1.950268
v 2.156417 1.130600 -1.950073
v 2.135117 1.141500 -1.949782
v 2.169917 0.743900 -1.950268
v 2.169917 0.743900 -1.950268
v 2.060416 1.084100 -1.948814
v 2.082817 1.072800 -1.949105
v 2.169917 0.939600 -1.950268
v 2.169917 0.939600 -1.950268
v 2.204950 0.915400 -2.119041
v 2.204758 0.915400 -2.136441
v 2.092243 1.986300 -2.012300
v 2.145043 1.986300 -2.013078
v 2.092243 1.914300 -2.012300
v 2.092243 1.986300 -2.012300
v 2.061517 0.939600 -1.948813
v 2.061517 0.939600 -1.948813
v 2.192567 1.825500 -2.069758
v 2.188979 1.825500 -2.334760
v 2.204758 1.517600 -2.137241
v 2.204758 1.517600 -2.137241
v 2.202819 1.111100 -2.281642
v 2.202526 1.111100 -2.299042
v 2.157017 1.494800 -1.950073
v 2.169317 1.494800 -1.950268
v 2.202526 1.517600 -2.299942
v 2.202526 1.517600 -2.299942
v 1.945816 1.301500 -1.947262
v 1.932916 1.301500 -1.947067
v 2.204950 1.108300 -2.118241
v 2.204950 1.130600 -2.118241
v 1.878722 1.826200 -2.439390
v 1.885415 1.826200 -1.945187
v 2.202526 0.527700 -2.299042
v 2.202526 0.500700 -2.298242
v 2.082817 0.367200 -1.949105
v 2.062116 0.356500 -1.948813
v 2.002643 1.991300 -2.011138
v 2.002643 1.919300 -2.011138
v 1.879924 0.532800 -2.442490
v 1.886615 0.532800 -1.945687
v 1.946516 0.743900 -1.947262
v 1.946516 0.743900 -1.947262
v 2.190619 1.914300 -2.431859
v 2.190619 1.820500 -2.431859
v 2.048116 1.301500 -1.948619
v 2.048116 1.323700 -1.948619
v 2.156417 1.108300 -1.950073
v 2.156417 1.130600 -1.950073
v 2.169317 1.689000 -1.950268
v 2.168717 1.662000 -1.950268
v 2.168717 0.500700 -1.950268
v 2.191117 0.489400 -1.950559
v 2.170017 0.743900 -1.950268
v 2.170017 0.743900 -1.950268
v 2.203206 0.755200 -2.250842
v 2.203206 0.877100 -2.250842
v 2.092922 1.985100 -1.961300
v 2.092243 1.986300 -2.012300
v 1.897966 1.991300 -2.065682
v 1.897966 1.919300 -2.065682
v 2.061616 0.939600 -1.948813
v 2.061616 0.939600 -1.948813
v 2.188979 1.825500 -2.334760
v 2.185898 1.825500 -2.381961
v 2.204758 1.517600 -2.137341
v 2.204758 1.517600 -2.137341
v 2.157017 1.468200 -1.950073
v 2.157017 1.494800 -1.950073
v 2.202526 1.111100 -2.299042
v 2.202526 1.084100 -2.298242
v 2.202526 1.517600 -2.300042
v 2.202526 1.517600 -2.300042
v 2.140098 1.986300 -2.381380
v 2.087298 1.986300 -2.380603
v 1.932916 1.301500 -1.947067
v 1.932916 1.323700 -1.947067
v 2.204758 1.323300 -2.137341
v 2.204758 1.323300 -2.137341
v 1.885415 1.826200 -1.944587
v 2.204216 1.826200 -1.948953
v 2.205437 1.263400 -2.088241
v 2.204950 1.275000 -2.119041
v 2.002643 1.991300 -2.011138
v 2.003321 1.990100 -1.960138
v 2.134019 1.919300 -2.431083
v 2.185219 1.919300 -2.431761
v 2.204757 1.662000 -2.135641
v 2.204370 1.650700 -2.167241
v 2.061017 0.527700 -1.948813
v 2.060416 0.500700 -1.948814
v 2.202526 0.500700 -2.298242
v 2.202139 0.489400 -2.329942
v 2.061616 0.743900 -1.948813
v 2.061616 0.743900 -1.948813
v 2.209917 0.338900 -1.950051
v 2.203225 0.338900 -2.444254
v 2.204757 0.694600 -2.135641
v 2.204370 0.683300 -2.167242
v 2.026816 1.456500 -1.948328
v 2.048616 1.468200 -1.948619
v 1.947016 0.744100 -1.947261
v 1.947016 0.744100 -1.947261
v 2.157017 0.501100 -1.950073
v 2.157017 0.527700 -1.950073
v 2.168717 1.662000 -1.950268
v 2.191117 1.650700 -1.950559
v 1.997597 1.991300 -2.379440
v 1.940797 1.991300 -2.378664
v 2.170417 0.744100 -1.950268
v 2.170417 0.744100 -1.950268
v 1.945742 1.991300 -2.010362
v 1.945742 1.919300 -2.010362
v 2.204757 0.888400 -2.135641
v 2.204370 0.877100 -2.167242
v 2.145043 1.914300 -2.013078
v 2.092243 1.914300 -2.012300
v 2.062116 0.939800 -1.948813
v 2.062116 0.939800 -1.948813
v 2.144367 1.914300 -2.069078
v 2.197867 1.914300 -2.069756
v 2.194022 1.825500 -1.963157
v 2.193244 1.825500 -2.013658
v 2.140778 1.914300 -2.334080
v 2.140778 1.986300 -2.334080
v 2.204758 1.517800 -2.138041
v 2.204758 1.517800 -2.138041
v 2.202526 1.084100 -2.298242
v 2.202139 1.072800 -2.329942
v 2.168717 1.467800 -1.950268
v 2.191117 1.456500 -1.950559
v 2.202527 1.517800 -2.300742
v 2.202527 1.517800 -2.300742
v 1.932916 1.323700 -1.947067
v 1.911716 1.334700 -1.946776
v 1.946516 0.550200 -1.947262
v 1.946516 0.550200 -1.947262
v 2.204758 1.323500 -2.138041
v 2.204758 1.323500 -2.138041
v 2.204216 1.826200 -1.948953
v 2.197524 1.826200 -2.443756
v 2.205437 1.141500 -2.088241
v 2.205437 1.263400 -2.088241
v 1.945742 1.991300 -2.010362
v 2.002643 1.991300 -2.011138
v 2.205437 0.950900 -2.088241
v 2.205437 1.072800 -2.088241
v 2.060416 0.500700 -1.948814
v 2.082817 0.489400 -1.949105
v 2.202139 0.489400 -2.329942
v 2.202139 0.367200 -2.329942
v 2.190167 1.991300 -2.069659
v 2.186579 1.991300 -2.334661
v 2.026816 1.334700 -1.948328
v 2.026816 1.456500 -1.948328
v 2.204370 0.683300 -2.167242
v 2.204370 0.561100 -2.167242
v 1.967616 0.754900 -1.947553
v 1.947016 0.744100 -1.947261
v 2.157017 0.527700 -1.950073
v 2.169317 0.527700 -1.950268
v 2.135117 1.141500 -1.949782
v 2.135117 1.263400 -1.949782
v 2.191117 1.650700 -1.950559
v 2.191117 1.528500 -1.950559
v 2.191117 0.754900 -1.950559
v 2.170417 0.744100 -1.950268
v 1.945742 1.919300 -2.010362
v 1.944966 1.919300 -2.066362
v 2.145043 1.986300 -2.013078
v 2.145043 1.914300 -2.013078
v 2.204370 0.877100 -2.167242
v 2.204370 0.754900 -2.167242
v 2.082817 0.950600 -1.949105
v 2.062116 0.939800 -1.948813
v 2.193244 1.825500 -2.013658
v 2.192567 1.825500 -2.069758
v 2.194379 1.914300 -2.334758
v 2.140778 1.914300 -2.334080
v 2.204370 1.528500 -2.167241
v 2.204758 1.517800 -2.138041
v 2.194379 1.914300 -2.334758
v 2.191298 1.914300 -2.382059
v 2.157017 0.695000 -1.950073
v 2.157017 0.721600 -1.950073
v 2.169317 1.494800 -1.950268
v 2.168717 1.467800 -1.950268
v 2.202139 1.072800 -2.329942
v 2.202139 0.950600 -2.329942
v 2.202139 1.528500 -2.329942
v 2.202527 1.517800 -2.300742
v 2.140778 1.986300 -2.334080
v 2.140098 1.986300 -2.381380
v 1.911716 1.334700 -1.946776
v 1.911716 1.456500 -1.946776
v 2.204370 1.334300 -2.167241
v 2.204758 1.323500 -2.138041
v 1.946416 0.550200 -1.947262
v 1.946416 0.550200 -1.947262
v 2.081219 1.991300 -2.430405
v 1.996918 1.991300 -2.429240
v 1.884122 1.821200 -2.439488
v 1.890815 1.821200 -1.945285
v 1.899777 1.986300 -2.330781
v 1.899777 1.914300 -2.330781
v 2.202818 0.356600 -2.280842
v 2.203206 0.367600 -2.250842
v 2.202526 1.130200 -2.299842
v 2.202526 1.109100 -2.299442
v 2.048616 0.501100 -1.948619
v 2.048616 0.527700 -1.948619
v 1.897966 1.825500 -2.065682
v 1.898742 1.825500 -2.009682
v 1.932916 0.722000 -1.947067
v 1.932916 0.744300 -1.947067
v 2.204950 0.550500 -2.118241
v 2.205437 0.561500 -2.088241
v 1.879924 0.338900 -2.442490
v 1.886615 0.338900 -1.945687
v 2.062116 1.323500 -1.948813
v 2.062116 1.323500 -1.948813
v 2.156417 0.722000 -1.950073
v 2.156417 0.744300 -1.950073
v 2.135117 0.367600 -1.949783
v 2.135117 0.489400 -1.949783
v 2.048116 0.917700 -1.948619
v 2.048116 0.940000 -1.948619
v 2.204950 0.744300 -2.118241
v 2.205437 0.755200 -2.088241
v 2.199323 1.914300 -1.963255
v 2.145822 1.914300 -1.962578
v 2.204950 1.495700 -2.118241
v 2.204950 1.517900 -2.118241
v 2.002318 1.914300 -2.429338
v 2.002318 1.986300 -2.429338
v 2.002997 1.914300 -2.379538
v 2.002318 1.914300 -2.429338
v 2.202818 1.495700 -2.280842
v 2.202818 1.517900 -2.280842
v 2.202818 0.940000 -2.280842
v 2.203206 0.950900 -2.250842
v 2.156417 1.323700 -1.950073
v 2.135117 1.334700 -1.949782
v 1.932916 0.550500 -1.947067
v 1.911716 0.561500 -1.946776
v 2.204950 1.301500 -2.118241
v 2.204950 1.323700 -2.118241
v 2.202924 -0.000000 -2.443754
v 2.202924 1.838200 -2.443754
v 2.092243 1.914300 -2.012300
v 2.092922 1.914300 -1.961800
v 2.202924 1.821200 -2.443754
v 1.884122 1.821200 -2.439488
v 2.192567 1.919300 -2.069758
v 2.193244 1.919300 -2.013658
v 2.202526 1.130200 -2.299942
v 2.202526 1.130200 -2.299942
v 2.203206 0.367600 -2.250842
v 2.203206 0.489400 -2.250842
v 2.048616 0.527700 -1.948619
v 2.061017 0.527700 -1.948813
v 1.945816 0.722000 -1.947262
v 1.932916 0.722000 -1.947067
v 1.946416 1.130200 -1.947262
v 1.946416 1.130200 -1.947262
v 2.205437 0.561500 -2.088241
v 2.205437 0.683300 -2.088241
v 1.886615 0.338900 -1.945687
v 2.209917 0.338900 -1.950051
v 2.169317 0.722000 -1.950268
v 2.156417 0.722000 -1.950073
v 2.061517 1.130200 -1.948813
v 2.061517 1.130200 -1.948813
v 2.135117 1.528900 -1.949782
v 2.135117 1.650700 -1.949782
v 2.135117 0.489400 -1.949783
v 2.157017 0.501100 -1.950073
v 2.061017 0.917700 -1.948813
v 2.048116 0.917700 -1.948619
v 2.199323 1.820500 -1.963255
v 2.199323 1.914300 -1.963255
v 2.205437 0.755200 -2.088241
v 2.205437 0.877100 -2.088241
v 1.944966 1.991300 -2.066362
v 1.945742 1.991300 -2.010362
v 2.170017 0.939600 -1.950268
v 2.170017 0.939600 -1.950268
v 1.944966 1.919300 -2.066362
v 1.944966 1.991300 -2.066362
v 2.204758 1.495700 -2.136441
v 2.204950 1.495700 -2.118241
v 1.945518 1.914300 -2.428562
v 2.002318 1.914300 -2.429338
v 2.202526 1.495700 -2.299042
v 2.202818 1.495700 -2.280842
v 2.156417 1.301500 -1.950073
v 2.156417 1.323700 -1.950073
v 2.203206 0.950900 -2.250842
v 2.203206 1.072800 -2.250842
v 2.002997 1.986300 -2.379538
v 1.946197 1.986300 -2.378762
v 2.204758 1.301500 -2.136441
v 2.204950 1.301500 -2.118241
v 1.911716 0.561500 -1.946776
v 1.911716 0.683300 -1.946776
v 1.946197 1.914300 -2.378762
v 2.002997 1.914300 -2.379538
v 1.940797 1.991300 -2.378664
v 1.940797 1.919300 -2.378664
v 2.008043 1.986300 -2.011136
v 2.008043 1.914300 -2.011136
v 2.204758 1.108300 -2.136441
v 2.204950 1.108300 -2.118241
v 2.061517 0.550200 -1.948813
v 2.061517 0.550200 -1.948813
v 2.026816 0.367600 -1.948328
v 2.026816 0.489400 -1.948328
v 2.203206 0.489400 -2.250842
v 2.202819 0.501100 -2.281642
v 2.205437 0.683300 -2.088241
v 2.204950 0.695000 -2.119041
v 2.061017 1.301500 -1.948813
v 2.048116 1.301500 -1.948619
v 2.156417 0.334400 -1.950073
v 2.156417 0.356600 -1.950073
v 2.135117 1.650700 -1.949782
v 2.157017 1.662400 -1.950073
v 2.169317 1.108300 -1.950268
v 2.156417 1.108300 -1.950073
v 1.886615 1.112900 -1.945687
v 2.209917 1.112900 -1.950051
v 2.205437 0.877100 -2.088241
v 2.204950 0.888800 -2.119041
v 2.092922 1.914300 -1.961800
v 2.092922 1.985100 -1.961300
v 2.190167 1.991300 -2.069659
v 2.138967 1.991300 -2.068981
v 2.002997 1.986300 -2.379538
v 2.002997 1.914300 -2.379538
v 2.081219 1.919300 -2.430405
v 2.134019 1.919300 -2.431083
v 2.203206 1.072800 -2.250842
v 2.202819 1.084400 -2.281642
v 2.135117 1.456500 -1.949782
v 2.157017 1.468200 -1.950073
v 1.945816 0.528300 -1.947262
v 1.932916 0.528300 -1.947067
v 2.209616 -0.000000 -1.948951
v 2.209616 1.838200 -1.948951
v 2.140098 1.914300 -2.381380
v 2.140098 1.986300 -2.381380
v 1.940797 1.919300 -2.378664
v 1.997597 1.919300 -2.379440
v 1.944966 1.991300 -2.066362
v 1.897966 1.991300 -2.065682
v 2.061616 0.550200 -1.948813
v 2.061616 0.550200 -1.948813
v 2.026816 0.489400 -1.948328
v 2.048616 0.501100 -1.948619
v 2.202819 0.501100 -2.281642
v 2.202819 0.527700 -2.281642
v 2.061616 1.517600 -1.948813
v 2.061616 1.517600 -1.948813
v 2.169917 0.550200 -1.950268
v 2.169617 0.529100 -1.950268
v 2.202926 0.338900 -2.446854
v 1.879924 0.338900 -2.442490
v 2.204950 0.695000 -2.119041
v 2.204950 0.721600 -2.119041
v 2.156417 0.356600 -1.950073
v 2.135117 0.367600 -1.949783
v 2.157017 1.662400 -1.950073
v 2.157017 1.689000 -1.950073
v 1.946416 0.939600 -1.947262
v 1.946116 0.918500 -1.947262
v 2.209917 1.112900 -1.950051
v 2.203225 1.112900 -2.444254
v 2.145822 1.914300 -1.962578
v 2.092922 1.914300 -1.961800
v 2.204950 0.888800 -2.119041
v 2.204950 0.915400 -2.119041
v 2.086843 1.919300 -2.012203
v 2.086843 1.991300 -2.012203
v 2.138967 1.991300 -2.068981
v 2.138967 1.919300 -2.068981
v 2.002318 1.986300 -2.429338
v 2.002997 1.986300 -2.379538
v 2.061517 1.517600 -1.948813
v 2.061217 1.496500 -1.948813
v 2.135117 1.334700 -1.949782
v 2.135117 1.456500 -1.949782
v 1.932916 0.528300 -1.947067
v 1.932916 0.550500 -1.947067
v 2.202526 1.323300 -2.299842
v 2.202526 1.302300 -2.299442
v 2.195567 1.986300 -2.069757
v 2.191979 1.986300 -2.334759
v 2.081898 1.991300 -2.380605
v 2.081219 1.991300 -2.430405
v 2.135117 1.263400 -1.949782
v 2.157017 1.275000 -1.950073
v 2.202139 1.141100 -2.329942
v 2.202527 1.130400 -2.300742
v 2.048116 0.334400 -1.948619
v 2.048116 0.356600 -1.948619
v 1.967616 1.141100 -1.947553
v 1.947016 1.130400 -1.947261
v 1.886615 1.306000 -1.945687
v 2.209917 1.306000 -1.950051
v 1.933516 0.888800 -1.947067
v 1.933516 0.915400 -1.947067
v 2.082817 1.141100 -1.949104
v 2.062116 1.130400 -1.948813
v 2.157017 0.888800 -1.950073
v 2.157017 0.915400 -1.950073
v 2.008722 1.820500 -1.960635
v 2.092922 1.820500 -1.961800
v 2.202926 1.112900 -2.446854
v 1.879924 1.112900 -2.442490
v 1.945518 1.820500 -2.428562
v 1.898418 1.820500 -2.427882
v 2.193244 1.919300 -2.013658
v 2.194022 1.919300 -1.963157
v 2.204950 1.662400 -2.119041
v 2.204950 1.689000 -2.119041
v 1.903366 1.820500 -2.065779
v 1.904142 1.820500 -2.009779
v 2.134698 1.919300 -2.381283
v 2.081898 1.919300 -2.380605
v 2.202819 1.662400 -2.281642
v 2.202819 1.689000 -2.281642
v 2.202526 1.689000 -2.299042
v 2.202526 1.662000 -2.298242
v 1.933516 0.721600 -1.947067
v 1.945816 0.721600 -1.947262
v 2.204950 1.468200 -2.119041
v 2.204950 1.494800 -2.119041
v 1.885415 -0.000000 -1.944587
v 1.885415 1.843200 -1.944587
v 2.081898 1.919300 -2.380605
v 2.081898 1.991300 -2.380605
v 2.202139 1.263400 -2.329942
v 2.202139 1.141100 -2.329942
v 2.048116 0.356600 -1.948619
v 2.026816 0.367600 -1.948328
v 2.138967 1.919300 -2.068981
v 2.139743 1.919300 -2.012980
v 1.967616 1.263400 -1.947553
v 1.967616 1.141100 -1.947553
v 2.209917 1.306000 -1.950051
v 2.203225 1.306000 -2.444254
v 1.911716 0.877100 -1.946776
v 1.933516 0.888800 -1.947067
v 2.082817 1.263400 -1.949104
v 2.082817 1.141100 -1.949104
v 2.169317 0.334400 -1.950268
v 2.156417 0.334400 -1.950073
v 2.135117 0.877100 -1.949782
v 2.157017 0.888800 -1.950073
v 1.951821 1.820500 -1.959959
v 2.008722 1.820500 -1.960635
v 1.879924 1.112900 -2.442490
v 1.886615 1.112900 -1.945687
v 2.026816 1.072800 -1.948328
v 2.048616 1.084400 -1.948619
v 2.202819 1.084400 -2.281642
v 2.202819 1.111100 -2.281642
v 2.002318 1.820500 -2.429338
v 1.945518 1.820500 -2.428562
v 2.192567 1.919300 -2.069758
v 2.190167 1.991300 -2.069659
v 2.138967 1.919300 -2.068981
v 2.192567 1.919300 -2.069758
v 2.205437 1.650700 -2.088241
v 2.204950 1.662400 -2.119041
v 1.899777 1.820500 -2.330781
v 1.903366 1.820500 -2.065779
v 2.081898 1.919300 -2.380605
v 2.081219 1.919300 -2.430405
v 2.203206 1.650700 -2.250842
v 2.202819 1.662400 -2.281642
v 2.008722 1.914300 -1.960635
v 2.008721 1.985100 -1.960235
v 2.205437 1.456500 -2.088241
v 2.204950 1.468200 -2.119041
v 2.156417 1.517900 -1.950073
v 2.135117 1.528900 -1.949782
v 1.946777 1.914300 -2.331461
v 1.946197 1.914300 -2.378762
v 2.209616 1.821200 -1.948951
v 2.202924 1.821200 -2.443754
v 2.202526 0.334400 -2.299042
v 2.202818 0.334400 -2.280842
v 2.202526 1.130200 -2.300042
v 2.202526 1.130200 -2.300042
v 2.202926 1.306000 -2.446854
v 1.879924 1.306000 -2.442490
v 2.204758 0.528300 -2.136441
v 2.204950 0.528300 -2.118241
v 1.946516 1.130200 -1.947262
v 1.946516 1.130200 -1.947262
v 1.911716 0.755200 -1.946776
v 1.911716 0.877100 -1.946776
v 2.026816 0.877100 -1.948328
v 2.048616 0.888800 -1.948619
v 1.892015 1.689500 -1.945684
v 2.209917 1.689500 -1.950051
v 2.169317 1.495700 -1.950268
v 2.156417 1.495700 -1.950073
v 2.061616 1.130200 -1.948813
v 2.061616 1.130200 -1.948813
v 2.135117 0.755200 -1.949782
v 2.135117 0.877100 -1.949782
v 2.209917 1.694500 -1.950051
v 2.203225 1.694500 -2.444254
v 2.204758 0.722000 -2.136441
v 2.204950 0.722000 -2.118241
v 2.145822 1.820500 -1.962578
v 2.199323 1.820500 -1.963255
v 2.026816 0.950900 -1.948328
v 2.026816 1.072800 -1.948328
v 2.048616 1.111100 -1.948619
v 2.061017 1.111100 -1.948813
v 2.003321 1.919300 -1.960638
v 1.946421 1.919300 -1.959862
v 1.898418 1.914300 -2.427882
v 1.945518 1.914300 -2.428562
v 2.205437 1.528900 -2.088241
v 2.205437 1.650700 -2.088241
v 2.134698 1.919300 -2.381283
v 2.134698 1.991300 -2.381283
v 2.135378 1.919300 -2.333982
v 2.134698 1.919300 -2.381283
v 2.202526 0.917700 -2.299042
v 2.202818 0.917700 -2.280842
v 2.169317 1.301500 -1.950268
v 2.156417 1.301500 -1.950073
v 2.203206 1.528900 -2.250842
v 2.203206 1.650700 -2.250842
v 1.884122 -0.000000 -2.439488
v 1.884122 1.838200 -2.439488
v 2.008043 1.986300 -2.011136
v 2.008721 1.985100 -1.960235
v 1.911716 0.683300 -1.946776
v 1.933516 0.695000 -1.947067
v 2.205437 1.334700 -2.088241
v 2.205437 1.456500 -2.088241
v 1.890815 1.821200 -1.944685
v 2.209616 1.821200 -1.948951
v 2.081219 1.919300 -2.430405
v 2.081219 1.991300 -2.430405
v 1.945316 1.084100 -1.947262
v 1.967616 1.072800 -1.947553
v 2.061017 0.334400 -1.948813
v 2.048116 0.334400 -1.948619
v 2.202527 1.130400 -2.300742
v 2.202527 1.130400 -2.300742
v 2.202818 0.334400 -2.280842
v 2.202818 0.356600 -2.280842
v 2.135378 1.991300 -2.333982
v 2.134698 1.991300 -2.381283
v 1.879924 1.306000 -2.442490
v 1.886615 1.306000 -1.945687
v 2.204950 0.528300 -2.118241
v 2.204950 0.550500 -2.118241
v 1.932916 0.744300 -1.947067
v 1.911716 0.755200 -1.946776
v 2.209917 1.689500 -1.950051
v 2.203225 1.689500 -2.444254
v 2.062116 1.130400 -1.948813
v 2.062116 1.130400 -1.948813
v 2.156417 1.495700 -1.950073
v 2.156417 1.517900 -1.950073
v 2.156417 0.744300 -1.950073
v 2.135117 0.755200 -1.949782
v 2.139419 1.820500 -2.431181
v 2.086619 1.820500 -2.430403
v 2.092922 1.820500 -1.961800
v 2.145822 1.820500 -1.962578
v 2.204950 0.722000 -2.118241
v 2.204950 0.744300 -2.118241
v 2.048116 0.940000 -1.948619
v 2.026816 0.950900 -1.948328
v 1.951142 1.914300 -2.010360
v 2.008043 1.914300 -2.011136
v 1.898418 1.820500 -2.427882
v 1.898418 1.914300 -2.427882
v 2.204950 1.517900 -2.118241
v 2.205437 1.528900 -2.088241
v 2.202818 0.917700 -2.280842
v 2.202818 0.940000 -2.280842
v 2.202818 1.517900 -2.280842
v 2.203206 1.528900 -2.250842
v 1.951142 1.986300 -2.010360
v 2.008043 1.986300 -2.011136
v 2.204950 1.323700 -2.118241
v 2.205437 1.334700 -2.088241
v 2.061517 0.743900 -1.948813
v 2.061217 0.722800 -1.948813
v -0.498099 1.130200 -1.202020
v -0.498099 1.111400 -1.202556
l 1 2
l 3 4
l 5 6
l 7 8
l 9 10
l 11 12
l 13 14
l 15 16
l 17 18
l 19 20
l 21 22
l 23 24
l 25 26
l 27 28
l 29 30
l 31 32
l 33 34
l 35 36
l 37 38
l 39 40
l 41 42
l 43 44
l 45 46
l 47 48
l 49 50
l 51 52
l 53 54
l 55 56
l 57 58
l 59 60
l 61 62
l 63 64
l 65 66
l 67 68
l 69 70
l 71 72
l 73 74
l 75 76
l 77 78
l 79 80
l 81 82
l 83 84
l 85 86
l 87 88
l 89 90
l 91 92
l 93 94
l 95 96
l 97 98
l 99 100
l 101 102
l 103 104
l 105 106
l 107 108
l 109 110
l 111 112
l 113 114
l 115 116
l 117 118
l 119 120
l 121 122
l 123 124
l 125 126
l 127 128
l 129 130
l 131 132
l 133 134
l 135 136
l 137 138
l 139 140
l 141 142
l 143 144
l 145 146
l 147 148
l 149 150
l 151 152
l 153 154
l 155 156
l 157 158
l 159 160
l 161 162
l 163 164
l 165 166
l 167 168
l 169 170
l 171 172
l 173 174
l 175 176
l 177 178
l 179 180
l 181 182
l 183 184
l 185 186
l 187 188
l 189 190
l 191 192
l 193 194
l 195 196
l 197 198
l 199 200
l 201 202
l 203 204
l 205 206
l 207 208
l 209 210
l 211 212
l 213 214
l 215 216
l 217 218
l 219 220
l 221 222
l 223 224
l 225 226
l 227 228
l 229 230
l 231 232
l 233 234
l 235 236
l 237 238
l 239 240
l 241 242
l 243 244
l 245 246
l 247 248
l 249 250
l 251 252
l 253 254
l 255 256
l 257 258
l 259 260
l 261 262
l 263 264
l 265 266
l 267 268
l 269 270
l 271 272
l 273 274
l 275 276
l 277 278
l 279 280
l 281 282
l 283 284
l 285 286
l 287 288
l 289 290
l 291 292
l 293 294
l 295 296
l 297 298
l 299 300
l 301 302
l 303 304
l 305 306
l 307 308
l 309 310
l 311 312
l 313 314
l 315 316
l 317 318
l 319 320
l 321 322
l 323 324
l 325 326
l 327 328
l 329 330
l 331 332
l 333 334
l 336 337
l 338 339
l 340 341
l 342 343
l 344 345
l 346 347
l 348 349
l 350 351
l 352 353
l 354 355
l 356 357
l 358 359
l 360 361
l 362 363
l 364 365
l 366 367
l 368 369
l 370 371
l 372 373
l 374 375
l 376 377
l 378 379
l 380 381
l 382 383
l 384 385
l 386 387
l 388 389
l 390 391
l 392 393
l 394 395
l 396 397
l 398 399
l 400 401
l 402 403
l 404 405
l 406 407
l 408 409
l 410 411
l 412 413
l 414 415
l 416 417
l 418 419
l 420 421
l 422 423
l 424 425
l 426 427
l 428 429
l 430 431
l 432 433
l 434 435
l 436 437
l 438 439
l 440 441
l 442 443
l 444 445
l 446 447
l 448 449
l 450 451
l 452 453
l 454 455
l 456 457
l 458 459
l 460 461
l 462 463
l 464 465
l 466 467
l 468 469
l 470 471
l 472 473
l 474 475
l 476 477
l 478 479
l 480 481
l 482 483
l 484 485
l 486 487
l 488 489
l 490 491
l 492 493
l 494 495
l 496 497
l 498 499
l 500 501
l 502 503
l 504 505
l 506 507
l 508 509
l 510 511
l 512 513
l 514 515
l 516 517
l 518 519
l 520 521
l 522 523
l 524 525
l 526 527
l 528 529
l 530 531
l 532 533
l 534 535
l 536 537
l 538 539
l 540 541
l 542 543
l 544 545
l 546 547
l 548 549
l 550 551
l 552 553
l 554 555
l 556 557
l 558 559
l 560 561
l 562 563
l 564 565
l 566 567
l 568 569
l 570 571
l 572 573
l 574 575
l 576 577
l 578 579
l 580 581
l 582 583
l 584 585
l 586 587
l 588 589
l 590 591
l 592 593
l 594 595
l 596 597
l 598 599
l 600 601
l 602 603
l 604 605
l 606 607
l 608 609
l 610 611
l 612 613
l 614 615
l 616 617
l 618 619
l 620 621
l 622 623
l 624 625
l 626 627
l 628 629
l 630 631
l 632 633
l 634 635
l 636 637
l 638 639
l 640 641
l 642 643
l 644 645
l 646 647
l 648 649
l 650 651
l 652 653
l 654 655
l 656 657
l 658 659
l 660 661
l 662 663
l 664 665
l 666 667
l 668 669
l 670 671
l 672 673
l 674 675
l 676 677
l 678 679
l 680 681
l 682 683
l 684 685
l 686 687
l 688 689
l 690 691
l 692 693
l 694 695
l 696 697
l 698 699
l 700 701
l 702 703
l 704 705
l 706 707
l 708 709
l 710 711
l 712 713
l 714 715
l 716 717
l 718 719
l 720 721
l 722 723
l 724 725
l 726 727
l 728 729
l 730 731
l 732 733
l 734 735
l 736 737
l 738 739
l 740 741
l 742 743
l 744 745
l 746 747
l 748 749
l 750 751
l 752 753
l 754 755
l 756 757
l 758 759
l 760 761
l 762 763
l 764 765
l 766 767
l 768 769
l 770 771
l 772 773
l 774 775
l 776 777
l 778 779
l 780 781
l 782 783
l 784 785
l 786 787
l 788 789
l 790 791
l 792 793
l 794 795
l 796 797
l 798 799
l 800 801
l 802 803
l 804 805
l 806 807
l 808 809
l 810 811
l 812 813
l 814 815
l 816 817
l 818 819
l 820 821
l 822 823
l 824 825
l 826 827
l 828 829
l 830 831
l 832 833
l 834 835
l 836 837
l 838 839
l 840 841
l 842 843
l 844 845
l 846 847
l 848 849
l 850 851
l 852 853
l 854 855
l 856 857
l 858 859
l 860 861
l 862 863
l 864 865
l 866 867
l 868 869
l 870 871
l 872 873
l 874 875
l 876 877
l 878 879
l 880 881
l 882 883
l 884 885
l 886 887
l 888 889
l 890 891
l 892 893
l 894 895
l 896 897
l 898 899
l 900 901
l 902 903
l 904 905
l 906 907
l 908 909
l 910 911
l 912 913
l 914 915
l 916 917
l 918 919
l 920 921
l 922 923
l 924 925
l 926 927
l 928 929
l 930 931
l 932 933
l 934 935
l 936 937
l 938 939
l 940 941
l 942 943
l 944 945
l 946 947
l 948 949
l 950 951
l 952 953
l 954 955
l 956 957
l 958 959
l 960 961
l 962 963
l 964 965
l 966 967
l 968 969
l 970 971
l 972 973
l 974 975
l 976 977
l 978 979
l 980 981
l 982 983
l 984 985
l 986 987
l 988 989
l 990 991
l 992 993
l 994 995
l 996 997
l 998 999
l 1000 1001
l 1002 1003
l 1004 1005
l 1006 1007
l 1008 1009
l 1010 1011
l 1012 1013
l 1014 1015
l 1016 1017
l 1018 1019
l 1020 1021
l 1022 1023
l 1024 1025
l 1026 1027
l 1028 1029
l 1030 1031
l 1032 1033
l 1034 1035
l 1036 1037
l 1038 1039
l 1040 1041
l 1042 1043
l 1044 1045
l 1046 1047
l 1048 1049
l 1050 1051
l 1052 1053
l 1054 1055
l 1056 1057
l 1058 1059
l 1060 1061
l 1062 1063
l 1064 1065
l 1066 1067
l 1068 1069
l 1070 1071
l 1072 1073
l 1074 1075
l 1076 1077
l 1078 1079
l 1080 1081
l 1082 1083
l 1084 1085
l 1086 1087
l 1088 1089
l 1090 1091
l 1092 1093
l 1094 1095
l 1096 1097
l 1098 1099
l 1100 1101
l 1102 1103
l 1104 1105
l 1106 1107
l 1108 1109
l 1110 1111
l 1112 1113
l 1114 1115
l 1116 1117
l 1118 1119
l 1120 1121
l 1122 1123
l 1124 1125
l 1126 1127
l 1128 1129
l 1130 1131
l 1132 1133
l 1134 1135
l 1136 1137
l 1138 1139
l 1140 1141
l 1142 1143
l 1144 1145
l 1146 1147
l 1148 1149
l 1150 1151
l 1152 1153
l 1154 1155
l 1156 1157
l 1158 1159
l 1160 1161
l 1162 1163
l 1164 1165
l 1166 1167
l 1168 1169
l 1170 1171
l 1172 1173
l 1174 1175
l 1176 1177
l 1178 1179
l 1180 1181
l 1182 1183
l 1184 1185
l 1186 1187
l 1188 1189
l 1190 1191
l 1192 1193
l 1194 1195
l 1196 1197
l 1198 1199
l 1200 1201
l 1202 1203
l 1204 1205
l 1206 1207
l 1208 1209
l 1210 1211
l 1212 1213
l 1214 1215
l 1216 1217
l 1218 1219
l 1220 1221
l 1222 1223
l 1224 1225
l 1226 1227
l 1228 1229
l 1230 1231
l 1232 1233
l 1234 1235
l 1236 1237
l 1238 1239
l 1240 1241
l 1242 1243
l 1244 1245
l 1246 1247
l 1248 1249
l 1250 1251
l 1252 1253
l 1254 1255
l 1256 1257
l 1258 1259
l 1260 1261
l 1262 1263
l 1264 1265
l 1266 1267
l 1268 1269
l 1270 1271
l 1272 1273
l 1274 1275
l 1276 1277
l 1278 1279
l 1280 1281
l 1282 1283
l 1284 1285
l 1286 1287
l 1288 1289
l 1290 1291
l 1292 1293
l 1294 1295
l 1296 1297
l 1298 1299
l 1300 1301
l 1302 1303
l 1304 1305
l 1306 1307
l 1308 1309
l 1310 1311
l 1312 1313
l 1314 1315
l 1316 1317
l 1318 1319
l 1320 1321
l 1322 1323
l 1324 1325
l 1326 1327
l 1328 1329
l 1330 1331
l 1332 1333
l 1334 1335
l 1336 1337
l 1338 1339
l 1340 1341
l 1342 1343
l 1344 1345
l 1346 1347
l 1348 1349
l 1350 1351
l 1352 1353
l 1354 1355
l 1356 1357
l 1358 1359
l 1360 1361
l 1362 1363
l 1364 1365
l 1366 1367
l 1368 1369
l 1370 1371
l 1372 1373
l 1374 1375
l 1376 1377
l 1378 1379
l 1380 1381
l 1382 1383
l 1384 1385
l 1386 1387
l 1388 1389
l 1390 1391
l 1392 1393
l 1394 1395
l 1396 1397
l 1398 1399
l 1400 1401
l 1402 1403
l 1404 1405
l 1406 1407
l 1408 1409
l 1410 1411
l 1412 1413
l 1414 1415
l 1416 1417
l 1418 1419
l 1420 1421
l 1422 1423
l 1424 1425
l 1426 1427
l 1428 1429
l 1430 1431
l 1432 1433
l 1434 1435
l 1436 1437
l 1438 1439
l 1440 1441
l 1442 1443
l 1444 1445
l 1446 1447
l 1448 1449
l 1450 1451
l 1452 1453
l 1454 1455
l 1456 1457
l 1458 1459
l 1460 1461
l 1462 1463
l 1464 1465
l 1466 1467
l 1468 1469
l 1470 1471
l 1472 1473
l 1474 1475
l 1476 1477
l 1478 1479
l 1480 1481
l 1482 1483
l 1484 1485
l 1486 1487
l 1488 1489
l 1490 1491
l 1492 1493
l 1494 1495
l 1496 1497
l 1498 1499
l 1500 1501
l 1502 1503
l 1504 1505
l 1506 1507
l 1508 1509
l 1510 1511
l 1512 1513
l 1514 1515
l 1516 1517
l 1518 1519
l 1520 1521
l 1522 1523
l 1524 1525
l 1526 1527
l 1528 1529
l 1530 1531
l 1532 1533
l 1534 1535
l 1536 1537
l 1538 1539
l 1540 1541
l 1542 1543
l 1544 1545
l 1546 1547
l 1548 1549
l 1550 1551
l 1552 1553
l 1554 1555
l 1556 1557
l 1558 1559
l 1560 1561
l 1562 1563
l 1564 1565
l 1566 1567
l 1568 1569
l 1570 1571
l 1572 1573
l 1574 1575
l 1576 1577
l 1578 1579
l 1580 1581
l 1582 1583
l 1584 1585
l 1586 1587
l 1588 1589
l 1590 1591
l 1592 1593
l 1594 1595
l 1596 1597
l 1598 1599
l 1600 1601
l 1602 1603
l 1604 1605
l 1606 1607
l 1608 1609
l 1610 1611
l 1612 1613
l 1614 1615
l 1616 1617
l 1618 1619
l 1620 1621
l 1622 1623
l 1624 1625
l 1626 1627
l 1628 1629
l 1630 1631
l 1632 1633
l 1634 1635
l 1636 1637
l 1638 1639
l 1640 1641
l 1642 1643
l 1644 1645
l 1646 1647
l 1648 1649
l 1650 1651
l 1652 1653
l 1654 1655
l 1656 1657
l 1658 1659
l 1660 1661
l 1662 1663
l 1664 1665
l 1666 1667
l 1668 1669
l 1670 1671
l 1672 1673
l 1674 1675
l 1676 1677
l 1678 1679
l 1680 1681
l 1682 1683
l 1684 1685
l 1686 1687
l 1688 1689
l 1690 1691
l 1692 1693
l 1694 1695
l 1696 1697
l 1698 1699
l 1700 1701
l 1702 1703
l 1704 1705
l 1706 1707
l 1708 1709
l 1710 1711
l 1712 1713
l 1714 1715
l 1716 1717
l 1718 1719
l 1720 1721
l 1722 1723
l 1724 1725
l 1726 1727
l 1728 1729
l 1730 1731
l 1732 1733
l 1734 1735
l 1736 1737
l 1738 1739
l 1740 1741
l 1742 1743
l 1744 1745
l 1746 1747
l 1748 1749
l 1750 1751
l 1752 1753
l 1754 1755
l 1756 1757
l 1758 1759
l 1760 1761
l 1762 1763
l 1764 1765
l 1766 1767
l 1768 1769
l 1770 1771
l 1772 1773
l 1774 1775
l 1776 1777
l 1778 1779
l 1780 1781
l 1782 1783
l 1784 1785
l 1786 1787
l 1788 1789
l 1790 1791
l 1792 1793
l 1794 1795
l 1796 1797
l 1798 1799
l 1800 1801
l 1802 1803
l 1804 1805
l 1806 1807
l 1808 1809
l 1810 1811
l 1812 1813
l 1814 1815
l 1816 1817
l 1818 1819
l 1820 1821
l 1822 1823
l 1824 1825
l 1826 1827
l 1828 1829
l 1830 1831
l 1832 1833
l 1834 1835
l 1836 1837
l 1838 1839
l 1840 1841
l 1842 1843
l 1844 1845
l 1846 1847
l 1848 1849
l 1850 1851
l 1852 1853
l 1854 1855
l 1856 1857
l 1858 1859
l 1860 1861
l 1862 1863
l 1864 1865
l 1866 1867
l 1868 1869
l 1870 1871
l 1872 1873
l 1874 1875
l 1876 1877
l 1878 1879
l 1880 1881
l 1882 1883
l 1884 1885
l 1886 1887
l 1888 1889
l 1890 1891
l 1892 1893
l 1894 1895
l 1896 1897
l 1898 1899
l 1900 1901
l 1902 1903
l 1904 1905
l 1906 1907
l 1908 1909
l 1910 1911
l 1912 1913
l 1914 1915
l 1916 1917
l 1918 1919
l 1920 1921
l 1922 1923
l 1924 1925
l 1926 1927
l 1928 1929
l 1930 1931
l 1932 1933
l 1934 1935
l 1936 1937
l 1938 1939
l 1940 1941
l 1942 1943
l 1944 1945
l 1946 1947
l 1948 1949
l 1950 1951
l 1952 1953
l 1954 1955
l 1956 1957
l 1958 1959
l 1960 1961
l 1962 1963
l 1964 1965
l 1966 1967
l 1968 1969
l 1970 1971
l 1972 1973
l 1974 1975
l 1976 1977
l 1978 1979
l 1980 1981
l 1982 1983
l 1984 1985
l 1986 1987
l 1988 1989
l 1990 1991
l 1992 1993
l 1994 1995
l 1996 1997
l 1998 1999
l 2000 2001
l 2002 2003
l 2004 2005
l 2006 2007
l 2008 2009
l 2010 2011
l 2012 2013
l 2014 2015
l 2016 2017
l 2018 2019
l 2020 2021
l 2022 2023
l 2024 2025
l 2026 2027
l 2028 2029
l 2030 2031
l 2032 2033
l 2034 2035
l 2036 2037
l 2038 2039
l 2040 2041
l 2042 2043
l 2044 2045
l 2046 2047
l 2048 2049
l 2050 2051
l 2052 2053
l 2054 2055
l 2056 2057
l 2058 2059
l 2060 2061
l 2062 2063
l 2064 2065
l 2066 2067
l 2068 2069
l 2070 2071
l 2072 2073
l 2074 2075
l 2076 2077
l 2078 2079
l 2080 2081
l 2082 2083
l 2084 2085
l 2086 2087
l 2088 2089
l 2090 2091
l 2092 2093
l 2094 2095
l 2096 2097
l 2098 2099
l 2100 2101
l 2102 2103
l 2104 2105
l 2106 2107
l 2108 2109
l 2110 2111
l 2112 2113
l 2114 2115
l 2116 2117
l 2118 2119
l 2120 2121
l 2122 2123
l 2124 2125
l 2126 2127
l 2128 2129
l 2130 2131
l 2132 2133
l 2134 2135
l 2136 2137
l 2138 2139
l 2140 2141
l 2142 2143
l 2144 2145
l 2146 2147
l 2148 2149
l 2150 2151
l 2152 2153
l 2154 2155
l 2156 2157
l 2158 2159
l 2160 2161
l 2162 2163
l 2164 2165
l 2166 2167
l 2168 2169
l 2170 2171
l 2172 2173
l 2174 2175
l 2176 2177
l 2178 2179
l 2180 2181
l 2182 2183
l 2184 2185
l 2186 2187
l 2188 2189
l 2190 2191
l 2192 2193
l 2194 2195
l 2196 2197
l 2198 2199
l 2200 2201
l 2202 2203
l 2204 2205
l 2206 2207
l 2208 2209
l 2210 2211
l 2212 2213
l 2214 2215
l 2216 2217
l 2218 2219
l 2220 2221
l 2222 2223
l 2224 2225
l 2226 2227
l 2228 2229
l 2230 2231
l 2232 2233
l 2234 2235
l 2236 2237
l 2238 2239
l 2240 2241
l 2242 2243
l 2244 2245
l 2246 2247
l 2248 2249
l 2250 2251
l 2252 2253
l 2254 2255
l 2256 2257
l 2258 2259
l 2260 2261
l 2262 2263
l 2264 2265
l 2266 2267
l 2268 2269
l 2270 2271
l 2272 2273
l 2274 2275
l 2276 2277
l 2278 2279
l 2280 2281
l 2282 2283
l 2284 2285
l 2286 2287
l 2288 2289
l 2290 2291
l 2292 2293
l 2294 2295
l 2296 2297
l 2298 2299
l 2300 2301
l 2302 2303
l 2304 2305
l 2306 2307
l 2308 2309
l 2310 2311
l 2312 2313
l 2314 2315
l 2316 2317
l 2318 2319
l 2320 2321
l 2322 2323
l 2324 2325
l 2326 2327
l 2328 2329
l 2330 2331
l 2332 2333
l 2334 2335
l 2336 2337
l 2338 2339
l 2340 2341
l 2342 2343
l 2344 2345
l 2346 2347
l 2348 2349
l 2350 2351
l 2352 2353
l 2354 2355
l 2356 2357
l 2358 2359
l 2360 2361
l 2362 2363
l 2364 2365
l 2366 2367
l 2368 2369
l 2370 2371
l 2372 2373
l 2374 2375
l 2376 2377
l 2378 2379
l 2380 2381
l 2382 2383
l 2384 2385
l 2386 2387
l 2388 2389
l 2390 2391
l 2392 2393
l 2394 2395
l 2396 2397
l 2398 2399
l 2400 2401
l 2402 2403
l 2404 2405
l 2406 2407
l 2408 2409
l 2410 2411
l 2412 2413
l 2414 2415
l 2416 2417
l 2418 2419
l 2420 2421
l 2422 2423
l 2424 2425
l 2426 2427
l 2428 2429
l 2430 2431
l 2432 2433
l 2434 2435
l 2436 2437
l 2438 2439
l 2440 2441
l 2442 2443
l 2444 2445
l 2446 2447
l 2448 2449
l 2450 2451
l 2452 2453
l 2454 2455
l 2456 2457
l 2458 2459
l 2460 2461
l 2462 2463
l 2464 2465
l 2466 2467
l 2468 2469
l 2470 2471
l 2472 2473
l 2474 2475
l 2476 2477
l 2478 2479
l 2480 2481
l 2482 2483
l 2484 2485
l 2486 2487
l 2488 2489
l 2490 2491
l 2492 2493
l 2494 2495
l 2496 2497
l 2498 2499
l 2500 2501
l 2502 2503
l 2504 2505
l 2506 2507
l 2508 2509
l 2510 2511
l 2512 2513
l 2514 2515
l 2516 2517
l 2518 2519
l 2520 2521
l 2522 2523
l 2524 2525
l 2526 2527
l 2528 2529
l 2530 2531
l 2532 2533
l 2534 2535
l 2536 2537
l 2538 2539
l 2540 2541
l 2542 2543
l 2544 2545
l 2546 2547
l 2548 2549
l 2550 2551
l 2552 2553
l 2554 2555
l 2556 2557
l 2558 2559
l 2560 2561
l 2562 2563
l 2564 2565
l 2566 2567
l 2568 2569
l 2570 2571
l 2572 2573
l 2574 2575
l 2576 2577
l 2578 2579
l 2580 2581
l 2582 2583
l 2584 2585
l 2586 2587
l 2588 2589
l 2590 2591
l 2592 2593
l 2594 2595
l 2596 2597
l 2598 2599
l 2600 2601
l 2602 2603
l 2604 2605
l 2606 2607
l 2608 2609
l 2610 2611
l 2612 2613
l 2614 2615
l 2616 2617
l 2618 2619
l 2620 2621
l 2622 2623
l 2624 2625
l 2626 2627
l 2628 2629
l 2630 2631
l 2632 2633
l 2634 2635
l 2636 2637
l 2638 2639
l 2640 2641
l 2642 2643
l 2644 2645
l 2646 2647
l 2648 2649
l 2650 2651
l 2652 2653
l 2654 2655
l 2656 2657
l 2658 2659
l 2660 2661
l 2662 2663
l 2664 2665
l 2666 2667
l 2668 2669
l 2670 2671
l 2672 2673
l 2674 2675
l 2676 2677
l 2678 2679
l 2680 2681
l 2682 2683
l 2684 2685
l 2686 2687
l 2688 2689
l 2690 2691
l 2692 2693
l 2694 2695
l 2696 2697
l 2698 2699
l 2700 2701
l 2702 2703
l 2704 2705
l 2706 2707
l 2708 2709
l 2710 2711
l 2712 2713
l 2714 2715
l 2716 2717
l 2718 2719
l 2720 2721
l 2722 2723
l 2724 2725
l 2726 2727
l 2728 2729
l 2730 2731
l 2732 2733
l 2734 2735
l 2736 2737
l 2738 2739
l 2740 2741
l 2742 2743
l 2744 2745
l 2746 2747
l 2748 2749
l 2750 2751
l 2752 2753
l 2754 2755
l 2756 2757
l 2758 2759
l 2760 2761
l 2762 2763
l 2764 2765
l 2766 2767
l 2768 2769
l 2770 2771
l 2772 2773
l 2774 2775
l 2776 2777
l 2778 2779
l 2780 2781
l 2782 2783
l 2784 2785
l 2786 2787
l 2788 2789
l 2790 2791
l 2792 2793
l 2794 2795
l 2796 2797
l 2798 2799
l 2800 2801
l 2802 2803
l 2804 2805
l 2806 2807
l 2808 2809
l 2810 2811
l 2812 2813
l 2814 2815
l 2816 2817
l 2818 2819
l 2820 2821
l 2822 2823
l 2824 2825
l 2826 2827
l 2828 2829
l 2830 2831
l 2832 2833
l 2834 2835
l 2836 2837
l 2838 2839
l 2840 2841
l 2842 2843
l 2844 2845
l 2846 2847
l 2848 2849
l 2850 2851
l 2852 2853
l 2854 2855
l 2856 2857
l 2858 2859
l 2860 2861
l 2862 2863
l 2864 2865
l 2866 2867
l 2868 2869
l 2870 2871
l 2872 2873
l 2874 2875
l 2876 2877
l 2878 2879
l 2880 2881
l 2882 2883
l 2884 2885
l 2886 2887
l 2888 2889
l 2890 2891
l 2892 2893
l 2894 2895
l 2896 2897
l 2898 2899
l 2900 2901
l 2902 2903
l 2904 2905
l 2906 2907
l 2908 2909
l 2910 2911
l 2912 2913
l 2914 2915
l 2916 2917
l 2918 2919
l 2920 2921
l 2922 2923
l 2924 2925
l 2926 2927
l 2928 2929
l 2930 2931
l 2932 2933
l 2934 2935
l 2936 2937
l 2938 2939
l 2940 2941
l 2942 2943
l 2944 2945
l 2946 2947
l 2948 2949
l 2950 2951
l 2952 2953
l 2954 2955
l 2956 2957
l 2958 2959
l 2960 2961
l 2962 2963
l 2964 2965
l 2966 2967
l 2968 2969
l 2970 2971
l 2972 2973
l 2974 2975
l 2976 2977
l 2978 2979
l 2980 2981
l 2982 2983
l 2984 2985
l 2986 2987
l 2988 2989
l 2990 2991
l 2992 2993
l 2994 2995
l 2996 2997
l 2998 2999
l 3000 3001
l 3002 3003
l 3004 3005
l 3006 3007
l 3008 3009
l 3010 3011
l 3012 3013
l 3014 3015
l 3016 3017
l 3018 3019
l 3020 3021
l 3022 3023
l 3024 3025
l 3026 3027
l 3028 3029
l 3030 3031
l 3032 3033
l 3034 3035
l 3036 3037
l 3038 3039
l 3040 3041
l 3042 3043
l 3044 3045
l 3046 3047
l 3048 3049
l 3050 3051
l 3052 3053
l 3054 3055
l 3056 3057
l 3058 3059
l 3060 3061
l 3062 3063
l 3064 3065
l 3066 3067
l 3068 3069
l 3070 3071
l 3072 3073
l 3074 3075
l 3076 3077
l 3078 3079
l 3080 3081
l 3082 3083
l 3084 3085
l 3086 3087
l 3088 3089
l 3090 3091
l 3092 3093
l 3094 3095
l 3096 3097
l 3098 3099
l 3100 3101
l 3102 3103
l 3104 3105
l 3106 3107
l 3108 3109
l 3110 3111
l 3112 3113
l 3114 3115
l 3116 3117
l 3118 3119
l 3120 3121
l 3122 3123
l 3124 3125
l 3126 3127
l 3128 3129
l 3130 3131
l 3132 3133
l 3134 3135
l 3136 3137
l 3138 3139
l 3140 3141
l 3142 3143
l 3144 3145
l 3146 3147
l 3148 3149
l 3150 3151
l 3152 3153
l 3154 3155
l 3156 3157
l 3158 3159
l 3160 3161
l 3162 3163
l 3164 3165
l 3166 3167
l 3168 3169
l 3170 3171
l 3172 3173
l 3174 3175
l 3176 3177
l 3178 3179
l 3180 3181
l 3182 3183
l 3184 3185
l 3186 3187
l 3188 3189
l 3190 3191
l 3192 3193
l 3194 3195
l 3196 3197
l 3198 3199
l 3200 3201
l 3202 3203
l 3204 3205
l 3206 3207
l 3208 3209
l 3210 3211
l 3212 3213
l 3214 3215
l 3216 3217
l 3218 3219
l 3220 3221
l 3222 3223
l 3224 3225
l 3226 3227
l 3228 3229
l 3230 3231
l 3232 3233
l 3234 3235
l 3236 3237
l 3238 3239
l 3240 3241
l 3242 3243
l 3244 3245
l 3246 3247
l 3248 3249
l 3250 3251
l 3252 3253
l 3254 3255
l 3256 3257
l 3258 3259
l 3260 3261
l 3262 3263
l 3264 3265
l 3266 3267
l 3268 3269
l 3270 3271
l 3272 3273
l 3274 3275
l 3276 3277
l 3278 3279
l 3280 3281
l 3282 3283
l 3284 3285
l 3286 3287
l 3288 3289
l 3290 3291
l 3292 3293
l 3294 3295
l 3296 3297
l 3298 3299
l 3300 3301
l 3302 3303
l 3304 3305
l 3306 3307
l 3308 3309
l 3310 3311
l 3312 3313
l 3314 3315
l 3316 3317
l 3318 3319
l 3320 3321
l 3322 3323
l 3324 3325
l 3326 3327
l 3328 3329
l 3330 3331
l 3332 3333
l 3334 3335
l 3336 3337
l 3338 3339
l 3340 3341
l 3342 3343
l 3344 3345
l 3346 3347
l 3348 3349
l 3350 3351
l 3352 3353
l 3354 3355
l 3356 3357
l 3358 3359
l 3360 3361
l 3362 3363
l 3364 3365
l 3366 3367
l 3368 3369
l 3370 3371
l 3372 3373
l 3374 3375
l 3376 3377
l 3378 3379
l 3380 3381
l 3382 3383
l 3384 3385
